Experiment ; nb_agents ; cost ; time 
aamas/logs300/offices_range1_agents2__CASTAR_CHECK_COLLISIONS.csv ; 2 ; 62 ; 0.1
aamas/logs300/offices_range1_agents2__CASTAR_CHECK_COLLISIONS.csv ; 2 ; 142 ; 0.14
aamas/logs300/offices_range1_agents2__CASTAR_CHECK_COLLISIONS.csv ; 2 ; 146 ; 0.14
aamas/logs300/offices_range1_agents2__CASTAR_CHECK_COLLISIONS.csv ; 2 ; 90 ; 0.12
aamas/logs300/offices_range1_agents2__CASTAR_CHECK_COLLISIONS.csv ; 2 ; 188 ; 0.15
aamas/logs300/offices_range1_agents2__CASTAR_CHECK_COLLISIONS.csv ; 2 ; 162 ; 0.14
aamas/logs300/offices_range1_agents2__CASTAR_CHECK_COLLISIONS.csv ; 2 ; 84 ; 0.12
aamas/logs300/offices_range1_agents2__CASTAR_CHECK_COLLISIONS.csv ; 2 ; 92 ; 0.13
aamas/logs300/offices_range1_agents2__CASTAR_CHECK_COLLISIONS.csv ; 2 ; 44 ; 0.11
aamas/logs300/offices_range1_agents2__CASTAR_CHECK_COLLISIONS.csv ; 2 ; 182 ; 0.14
aamas/logs300/offices_range1_agents2__CASTAR_CHECK_COLLISIONS.csv ; 2 ; 146 ; 0.14
aamas/logs300/offices_range1_agents2__CASTAR_CHECK_COLLISIONS.csv ; 2 ; 44 ; 0.11
aamas/logs300/offices_range1_agents2__CASTAR_CHECK_COLLISIONS.csv ; 2 ; 46 ; 0.1
aamas/logs300/offices_range1_agents2__CASTAR_CHECK_COLLISIONS.csv ; 2 ; 164 ; 0.14
aamas/logs300/offices_range1_agents2__CASTAR_CHECK_COLLISIONS.csv ; 2 ; 74 ; 0.11
aamas/logs300/offices_range1_agents2__CASTAR_CHECK_COLLISIONS.csv ; 2 ; 80 ; 0.11
aamas/logs300/offices_range1_agents2__CASTAR_CHECK_COLLISIONS.csv ; 2 ; 34 ; 0.11
aamas/logs300/offices_range1_agents2__CASTAR_CHECK_COLLISIONS.csv ; 2 ; 82 ; 0.11
aamas/logs300/offices_range1_agents2__CASTAR_CHECK_COLLISIONS.csv ; 2 ; 150 ; 0.14
aamas/logs300/offices_range1_agents2__CASTAR_CHECK_COLLISIONS.csv ; 2 ; 162 ; 0.14
aamas/logs300/offices_range1_agents3__CASTAR_CHECK_COLLISIONS.csv ; 3 ; 99 ; 0.13
aamas/logs300/offices_range1_agents3__CASTAR_CHECK_COLLISIONS.csv ; 3 ; 150 ; 0.14
aamas/logs300/offices_range1_agents3__CASTAR_CHECK_COLLISIONS.csv ; 3 ; 135 ; 0.13
aamas/logs300/offices_range1_agents3__CASTAR_CHECK_COLLISIONS.csv ; 3 ; 258 ; 0.15
aamas/logs300/offices_range1_agents3__CASTAR_CHECK_COLLISIONS.csv ; 3 ; 78 ; 0.14
aamas/logs300/offices_range1_agents3__CASTAR_CHECK_COLLISIONS.csv ; 3 ; 129 ; 0.13
aamas/logs300/offices_range1_agents3__CASTAR_CHECK_COLLISIONS.csv ; 3 ; 156 ; 0.14
aamas/logs300/offices_range1_agents3__CASTAR_CHECK_COLLISIONS.csv ; 3 ; 234 ; 0.15
aamas/logs300/offices_range1_agents3__CASTAR_CHECK_COLLISIONS.csv ; 3 ; 126 ; 0.13
aamas/logs300/offices_range1_agents3__CASTAR_CHECK_COLLISIONS.csv ; 3 ; 237 ; 0.15
aamas/logs300/offices_range1_agents3__CASTAR_CHECK_COLLISIONS.csv ; 3 ; 69 ; 0.12
aamas/logs300/offices_range1_agents3__CASTAR_CHECK_COLLISIONS.csv ; 3 ; 225 ; 0.15
aamas/logs300/offices_range1_agents3__CASTAR_CHECK_COLLISIONS.csv ; 3 ; 231 ; 0.17
aamas/logs300/offices_range1_agents3__CASTAR_CHECK_COLLISIONS.csv ; 3 ; 207 ; 0.16
aamas/logs300/offices_range1_agents3__CASTAR_CHECK_COLLISIONS.csv ; 3 ; 105 ; 0.12
aamas/logs300/offices_range1_agents3__CASTAR_CHECK_COLLISIONS.csv ; 3 ; 210 ; 0.15
aamas/logs300/offices_range1_agents3__CASTAR_CHECK_COLLISIONS.csv ; 3 ; 180 ; 0.17
aamas/logs300/offices_range1_agents3__CASTAR_CHECK_COLLISIONS.csv ; 3 ; 96 ; 0.13
aamas/logs300/offices_range1_agents3__CASTAR_CHECK_COLLISIONS.csv ; 3 ; 111 ; 0.12
aamas/logs300/offices_range1_agents3__CASTAR_CHECK_COLLISIONS.csv ; 3 ; 123 ; 0.12
aamas/logs300/offices_range1_agents4__CASTAR_CHECK_COLLISIONS.csv ; 4 ; 224 ; 0.16
aamas/logs300/offices_range1_agents4__CASTAR_CHECK_COLLISIONS.csv ; 4 ; 84 ; 0.12
aamas/logs300/offices_range1_agents4__CASTAR_CHECK_COLLISIONS.csv ; 4 ; 292 ; 0.19
aamas/logs300/offices_range1_agents4__CASTAR_CHECK_COLLISIONS.csv ; 4 ; 384 ; 0.2
aamas/logs300/offices_range1_agents4__CASTAR_CHECK_COLLISIONS.csv ; 4 ; 136 ; 0.15
aamas/logs300/offices_range1_agents4__CASTAR_CHECK_COLLISIONS.csv ; 4 ; 88 ; 0.12
aamas/logs300/offices_range1_agents4__CASTAR_CHECK_COLLISIONS.csv ; 4 ; 96 ; 0.14
aamas/logs300/offices_range1_agents4__CASTAR_CHECK_COLLISIONS.csv ; 4 ; 328 ; 0.18
aamas/logs300/offices_range1_agents4__CASTAR_CHECK_COLLISIONS.csv ; 4 ; 120 ; 0.15
aamas/logs300/offices_range1_agents4__CASTAR_CHECK_COLLISIONS.csv ; 4 ; 316 ; 0.17
aamas/logs300/offices_range1_agents4__CASTAR_CHECK_COLLISIONS.csv ; 4 ; 248 ; 0.14
aamas/logs300/offices_range1_agents4__CASTAR_CHECK_COLLISIONS.csv ; 4 ; 184 ; 0.17
aamas/logs300/offices_range1_agents4__CASTAR_CHECK_COLLISIONS.csv ; 4 ; 220 ; 0.15
aamas/logs300/offices_range1_agents4__CASTAR_CHECK_COLLISIONS.csv ; 4 ; 176 ; 0.15
aamas/logs300/offices_range1_agents4__CASTAR_CHECK_COLLISIONS.csv ; 4 ; 244 ; 0.2
aamas/logs300/offices_range1_agents4__CASTAR_CHECK_COLLISIONS.csv ; 4 ; 244 ; 0.16
aamas/logs300/offices_range1_agents4__CASTAR_CHECK_COLLISIONS.csv ; 4 ; 340 ; 0.18
aamas/logs300/offices_range1_agents4__CASTAR_CHECK_COLLISIONS.csv ; 4 ; 128 ; 0.12
aamas/logs300/offices_range1_agents4__CASTAR_CHECK_COLLISIONS.csv ; 4 ; 24 ; 0.11
aamas/logs300/offices_range1_agents4__CASTAR_CHECK_COLLISIONS.csv ; 4 ; 32 ; 0.11
aamas/logs300/offices_range1_agents5__CASTAR_CHECK_COLLISIONS.csv ; 5 ; 235 ; 0.18
aamas/logs300/offices_range1_agents5__CASTAR_CHECK_COLLISIONS.csv ; 5 ; 390 ; 0.26
aamas/logs300/offices_range1_agents5__CASTAR_CHECK_COLLISIONS.csv ; 5 ; 330 ; 0.19
aamas/logs300/offices_range1_agents5__CASTAR_CHECK_COLLISIONS.csv ; 5 ; 460 ; 0.2
aamas/logs300/offices_range1_agents5__CASTAR_CHECK_COLLISIONS.csv ; 5 ; 185 ; 0.15
aamas/logs300/offices_range1_agents5__CASTAR_CHECK_COLLISIONS.csv ; 5 ; 145 ; 0.17
aamas/logs300/offices_range1_agents5__CASTAR_CHECK_COLLISIONS.csv ; 5 ; 245 ; 0.21
aamas/logs300/offices_range1_agents5__CASTAR_CHECK_COLLISIONS.csv ; 5 ; 225 ; 0.14
aamas/logs300/offices_range1_agents5__CASTAR_CHECK_COLLISIONS.csv ; 5 ; 140 ; 0.18
aamas/logs300/offices_range1_agents5__CASTAR_CHECK_COLLISIONS.csv ; 5 ; 155 ; 0.13
aamas/logs300/offices_range1_agents5__CASTAR_CHECK_COLLISIONS.csv ; 5 ; 115 ; 0.14
aamas/logs300/offices_range1_agents5__CASTAR_CHECK_COLLISIONS.csv ; 5 ; 150 ; 0.15
aamas/logs300/offices_range1_agents5__CASTAR_CHECK_COLLISIONS.csv ; 5 ; 220 ; 0.17
aamas/logs300/offices_range1_agents5__CASTAR_CHECK_COLLISIONS.csv ; 5 ; 290 ; 0.19
aamas/logs300/offices_range1_agents5__CASTAR_CHECK_COLLISIONS.csv ; 5 ; 395 ; 0.2
aamas/logs300/offices_range1_agents5__CASTAR_CHECK_COLLISIONS.csv ; 5 ; 290 ; 0.19
aamas/logs300/offices_range1_agents5__CASTAR_CHECK_COLLISIONS.csv ; 5 ; 375 ; 0.22
aamas/logs300/offices_range1_agents5__CASTAR_CHECK_COLLISIONS.csv ; 5 ; 470 ; 0.24
aamas/logs300/offices_range1_agents5__CASTAR_CHECK_COLLISIONS.csv ; 5 ; 165 ; 0.15
aamas/logs300/offices_range1_agents5__CASTAR_CHECK_COLLISIONS.csv ; 5 ; 435 ; 0.2
aamas/logs300/offices_range1_agents6__CASTAR_CHECK_COLLISIONS.csv ; 6 ; 324 ; 0.19
aamas/logs300/offices_range1_agents6__CASTAR_CHECK_COLLISIONS.csv ; 6 ; 96 ; 0.12
aamas/logs300/offices_range1_agents6__CASTAR_CHECK_COLLISIONS.csv ; 6 ; 360 ; 0.26
aamas/logs300/offices_range1_agents6__CASTAR_CHECK_COLLISIONS.csv ; 6 ; 120 ; 0.2
aamas/logs300/offices_range1_agents6__CASTAR_CHECK_COLLISIONS.csv ; 6 ; 378 ; 0.27
aamas/logs300/offices_range1_agents6__CASTAR_CHECK_COLLISIONS.csv ; 6 ; 258 ; 0.2
aamas/logs300/offices_range1_agents6__CASTAR_CHECK_COLLISIONS.csv ; 6 ; 498 ; 0.24
aamas/logs300/offices_range1_agents6__CASTAR_CHECK_COLLISIONS.csv ; 6 ; 702 ; 0.38
aamas/logs300/offices_range1_agents6__CASTAR_CHECK_COLLISIONS.csv ; 6 ; 540 ; 0.25
aamas/logs300/offices_range1_agents6__CASTAR_CHECK_COLLISIONS.csv ; 6 ; 414 ; 0.24
aamas/logs300/offices_range1_agents6__CASTAR_CHECK_COLLISIONS.csv ; 6 ; 114 ; 0.16
aamas/logs300/offices_range1_agents6__CASTAR_CHECK_COLLISIONS.csv ; 6 ; 288 ; 0.2
aamas/logs300/offices_range1_agents6__CASTAR_CHECK_COLLISIONS.csv ; 6 ; 348 ; 0.3
aamas/logs300/offices_range1_agents6__CASTAR_CHECK_COLLISIONS.csv ; 6 ; 588 ; 0.42
aamas/logs300/offices_range1_agents6__CASTAR_CHECK_COLLISIONS.csv ; 6 ; 564 ; 0.34
aamas/logs300/offices_range1_agents6__CASTAR_CHECK_COLLISIONS.csv ; 6 ; 192 ; 0.18
aamas/logs300/offices_range1_agents6__CASTAR_CHECK_COLLISIONS.csv ; 6 ; 534 ; 0.24
aamas/logs300/offices_range1_agents6__CASTAR_CHECK_COLLISIONS.csv ; 6 ; 432 ; 0.28
aamas/logs300/offices_range1_agents6__CASTAR_CHECK_COLLISIONS.csv ; 6 ; 366 ; 0.21
aamas/logs300/offices_range1_agents6__CASTAR_CHECK_COLLISIONS.csv ; 6 ; 444 ; 0.38
aamas/logs300/offices_range1_agents7__CASTAR_CHECK_COLLISIONS.csv ; 7 ; 168 ; 0.22
aamas/logs300/offices_range1_agents7__CASTAR_CHECK_COLLISIONS.csv ; 7 ; 259 ; 0.23
aamas/logs300/offices_range1_agents7__CASTAR_CHECK_COLLISIONS.csv ; 7 ; 266 ; 0.2
aamas/logs300/offices_range1_agents7__CASTAR_CHECK_COLLISIONS.csv ; 7 ; 469 ; 0.3
aamas/logs300/offices_range1_agents7__CASTAR_CHECK_COLLISIONS.csv ; 7 ; 364 ; 0.24
aamas/logs300/offices_range1_agents7__CASTAR_CHECK_COLLISIONS.csv ; 7 ; 630 ; 0.25
aamas/logs300/offices_range1_agents7__CASTAR_CHECK_COLLISIONS.csv ; 7 ; 329 ; 0.25
aamas/logs300/offices_range1_agents7__CASTAR_CHECK_COLLISIONS.csv ; 7 ; 203 ; 0.28
aamas/logs300/offices_range1_agents7__CASTAR_CHECK_COLLISIONS.csv ; 7 ; 210 ; 0.25
aamas/logs300/offices_range1_agents7__CASTAR_CHECK_COLLISIONS.csv ; 7 ; 287 ; 0.25
aamas/logs300/offices_range1_agents7__CASTAR_CHECK_COLLISIONS.csv ; 7 ; 630 ; 0.28
aamas/logs300/offices_range1_agents7__CASTAR_CHECK_COLLISIONS.csv ; 7 ; 441 ; 0.25
aamas/logs300/offices_range1_agents7__CASTAR_CHECK_COLLISIONS.csv ; 7 ; 231 ; 0.19
aamas/logs300/offices_range1_agents7__CASTAR_CHECK_COLLISIONS.csv ; 7 ; 756 ; 0.35
aamas/logs300/offices_range1_agents7__CASTAR_CHECK_COLLISIONS.csv ; 7 ; 259 ; 0.3
aamas/logs300/offices_range1_agents7__CASTAR_CHECK_COLLISIONS.csv ; 7 ; 336 ; 0.24
aamas/logs300/offices_range1_agents7__CASTAR_CHECK_COLLISIONS.csv ; 7 ; 371 ; 0.34
aamas/logs300/offices_range1_agents7__CASTAR_CHECK_COLLISIONS.csv ; 7 ; 315 ; 0.23
aamas/logs300/offices_range1_agents7__CASTAR_CHECK_COLLISIONS.csv ; 7 ; 238 ; 0.28
aamas/logs300/offices_range1_agents7__CASTAR_CHECK_COLLISIONS.csv ; 7 ; 791 ; 0.44
aamas/logs300/offices_range1_agents8__CASTAR_CHECK_COLLISIONS.csv ; 8 ; 544 ; 0.33
aamas/logs300/offices_range1_agents8__CASTAR_CHECK_COLLISIONS.csv ; 8 ; 440 ; 0.23
aamas/logs300/offices_range1_agents8__CASTAR_CHECK_COLLISIONS.csv ; 8 ; 664 ; 0.41
aamas/logs300/offices_range1_agents8__CASTAR_CHECK_COLLISIONS.csv ; 8 ; 320 ; 0.27
aamas/logs300/offices_range1_agents8__CASTAR_CHECK_COLLISIONS.csv ; 8 ; 376 ; 0.31
aamas/logs300/offices_range1_agents8__CASTAR_CHECK_COLLISIONS.csv ; 8 ; 696 ; 0.52
aamas/logs300/offices_range1_agents8__CASTAR_CHECK_COLLISIONS.csv ; 8 ; 456 ; 0.28
aamas/logs300/offices_range1_agents8__CASTAR_CHECK_COLLISIONS.csv ; 8 ; 944 ; 0.64
aamas/logs300/offices_range1_agents8__CASTAR_CHECK_COLLISIONS.csv ; 8 ; 520 ; 0.38
aamas/logs300/offices_range1_agents8__CASTAR_CHECK_COLLISIONS.csv ; 8 ; 784 ; 0.75
aamas/logs300/offices_range1_agents8__CASTAR_CHECK_COLLISIONS.csv ; 8 ; 248 ; 0.26
aamas/logs300/offices_range1_agents8__CASTAR_CHECK_COLLISIONS.csv ; 8 ; 624 ; 0.29
aamas/logs300/offices_range1_agents8__CASTAR_CHECK_COLLISIONS.csv ; 8 ; 232 ; 0.23
aamas/logs300/offices_range1_agents8__CASTAR_CHECK_COLLISIONS.csv ; 8 ; 728 ; 0.37
aamas/logs300/offices_range1_agents8__CASTAR_CHECK_COLLISIONS.csv ; 8 ; 360 ; 0.61
aamas/logs300/offices_range1_agents8__CASTAR_CHECK_COLLISIONS.csv ; 8 ; 920 ; 0.72
aamas/logs300/offices_range1_agents8__CASTAR_CHECK_COLLISIONS.csv ; 8 ; 680 ; 0.55
aamas/logs300/offices_range1_agents8__CASTAR_CHECK_COLLISIONS.csv ; 8 ; 816 ; 0.38
aamas/logs300/offices_range1_agents8__CASTAR_CHECK_COLLISIONS.csv ; 8 ; 440 ; 0.51
aamas/logs300/offices_range1_agents8__CASTAR_CHECK_COLLISIONS.csv ; 8 ; 240 ; 0.27
aamas/logs300/offices_range1_agents9__CASTAR_CHECK_COLLISIONS.csv ; 9 ; 819 ; 0.43
aamas/logs300/offices_range1_agents9__CASTAR_CHECK_COLLISIONS.csv ; 9 ; 594 ; 0.37
aamas/logs300/offices_range1_agents9__CASTAR_CHECK_COLLISIONS.csv ; 9 ; 927 ; 0.67
aamas/logs300/offices_range1_agents9__CASTAR_CHECK_COLLISIONS.csv ; 9 ; 774 ; 0.49
aamas/logs300/offices_range1_agents9__CASTAR_CHECK_COLLISIONS.csv ; 9 ; 288 ; 0.35
aamas/logs300/offices_range1_agents9__CASTAR_CHECK_COLLISIONS.csv ; 9 ; 423 ; 0.49
aamas/logs300/offices_range1_agents9__CASTAR_CHECK_COLLISIONS.csv ; 9 ; 468 ; 0.35
aamas/logs300/offices_range1_agents9__CASTAR_CHECK_COLLISIONS.csv ; 9 ; 648 ; 0.35
aamas/logs300/offices_range1_agents9__CASTAR_CHECK_COLLISIONS.csv ; 9 ; 990 ; 0.5
aamas/logs300/offices_range1_agents9__CASTAR_CHECK_COLLISIONS.csv ; 9 ; 477 ; 0.76
aamas/logs300/offices_range1_agents9__CASTAR_CHECK_COLLISIONS.csv ; 9 ; 747 ; 0.36
aamas/logs300/offices_range1_agents9__CASTAR_CHECK_COLLISIONS.csv ; 9 ; 639 ; 0.38
aamas/logs300/offices_range1_agents9__CASTAR_CHECK_COLLISIONS.csv ; 9 ; 468 ; 0.33
aamas/logs300/offices_range1_agents9__CASTAR_CHECK_COLLISIONS.csv ; 9 ; 855 ; 0.62
aamas/logs300/offices_range1_agents9__CASTAR_CHECK_COLLISIONS.csv ; 9 ; 765 ; 0.51
aamas/logs300/offices_range1_agents9__CASTAR_CHECK_COLLISIONS.csv ; 9 ; 450 ; 0.45
aamas/logs300/offices_range1_agents9__CASTAR_CHECK_COLLISIONS.csv ; 9 ; 585 ; 0.48
aamas/logs300/offices_range1_agents9__CASTAR_CHECK_COLLISIONS.csv ; 9 ; 603 ; 0.38
aamas/logs300/offices_range1_agents9__CASTAR_CHECK_COLLISIONS.csv ; 9 ; 1188 ; 1.03
aamas/logs300/offices_range1_agents9__CASTAR_CHECK_COLLISIONS.csv ; 9 ; 549 ; 0.74
aamas/logs300/offices_range1_agents10__CASTAR_CHECK_COLLISIONS.csv ; 10 ; 430 ; 0.36
aamas/logs300/offices_range1_agents10__CASTAR_CHECK_COLLISIONS.csv ; 10 ; 1020 ; 0.76
aamas/logs300/offices_range1_agents10__CASTAR_CHECK_COLLISIONS.csv ; 10 ; 530 ; 0.66
aamas/logs300/offices_range1_agents10__CASTAR_CHECK_COLLISIONS.csv ; 10 ; 960 ; 0.5
aamas/logs300/offices_range1_agents10__CASTAR_CHECK_COLLISIONS.csv ; 10 ; 430 ; 0.3
aamas/logs300/offices_range1_agents10__CASTAR_CHECK_COLLISIONS.csv ; 10 ; 1050 ; 0.55
aamas/logs300/offices_range1_agents10__CASTAR_CHECK_COLLISIONS.csv ; 10 ; 370 ; 0.47
aamas/logs300/offices_range1_agents10__CASTAR_CHECK_COLLISIONS.csv ; 10 ; 1480 ; 2.37
aamas/logs300/offices_range1_agents10__CASTAR_CHECK_COLLISIONS.csv ; 10 ; 1100 ; 0.64
aamas/logs300/offices_range1_agents10__CASTAR_CHECK_COLLISIONS.csv ; 10 ; 620 ; 0.56
aamas/logs300/offices_range1_agents10__CASTAR_CHECK_COLLISIONS.csv ; 10 ; 780 ; 0.45
aamas/logs300/offices_range1_agents10__CASTAR_CHECK_COLLISIONS.csv ; 10 ; 760 ; 0.75
aamas/logs300/offices_range1_agents10__CASTAR_CHECK_COLLISIONS.csv ; 10 ; 1000 ; 1.16
aamas/logs300/offices_range1_agents10__CASTAR_CHECK_COLLISIONS.csv ; 10 ; 830 ; 0.44
aamas/logs300/offices_range1_agents10__CASTAR_CHECK_COLLISIONS.csv ; 10 ; 390 ; 0.39
aamas/logs300/offices_range1_agents10__CASTAR_CHECK_COLLISIONS.csv ; 10 ; 1030 ; 0.53
aamas/logs300/offices_range1_agents10__CASTAR_CHECK_COLLISIONS.csv ; 10 ; 990 ; 0.78
aamas/logs300/offices_range1_agents10__CASTAR_CHECK_COLLISIONS.csv ; 10 ; 1220 ; 1.34
aamas/logs300/offices_range1_agents10__CASTAR_CHECK_COLLISIONS.csv ; 10 ; 650 ; 0.76
aamas/logs300/offices_range1_agents10__CASTAR_CHECK_COLLISIONS.csv ; 10 ; 1000 ; 1.02
aamas/logs300/offices_range1_agents11__CASTAR_CHECK_COLLISIONS.csv ; 11 ; 528 ; 0.39
aamas/logs300/offices_range1_agents11__CASTAR_CHECK_COLLISIONS.csv ; 11 ; 660 ; 0.54
aamas/logs300/offices_range1_agents11__CASTAR_CHECK_COLLISIONS.csv ; 11 ; 1243 ; 0.78
aamas/logs300/offices_range1_agents11__CASTAR_CHECK_COLLISIONS.csv ; 11 ; 1001 ; 0.57
aamas/logs300/offices_range1_agents11__CASTAR_CHECK_COLLISIONS.csv ; 11 ; 1265 ; 1.29
aamas/logs300/offices_range1_agents11__CASTAR_CHECK_COLLISIONS.csv ; 11 ; 693 ; 0.74
aamas/logs300/offices_range1_agents11__CASTAR_CHECK_COLLISIONS.csv ; 11 ; 891 ; 0.55
aamas/logs300/offices_range1_agents11__CASTAR_CHECK_COLLISIONS.csv ; 11 ; 759 ; 0.66
aamas/logs300/offices_range1_agents11__CASTAR_CHECK_COLLISIONS.csv ; 11 ; 1408 ; 1.26
aamas/logs300/offices_range1_agents11__CASTAR_CHECK_COLLISIONS.csv ; 11 ; 803 ; 0.65
aamas/logs300/offices_range1_agents11__CASTAR_CHECK_COLLISIONS.csv ; 11 ; 1166 ; 0.86
aamas/logs300/offices_range1_agents11__CASTAR_CHECK_COLLISIONS.csv ; 11 ; 968 ; 0.62
aamas/logs300/offices_range1_agents11__CASTAR_CHECK_COLLISIONS.csv ; 11 ; 935 ; 0.59
aamas/logs300/offices_range1_agents11__CASTAR_CHECK_COLLISIONS.csv ; 11 ; 660 ; 0.59
aamas/logs300/offices_range1_agents11__CASTAR_CHECK_COLLISIONS.csv ; 11 ; 770 ; 0.8
aamas/logs300/offices_range1_agents11__CASTAR_CHECK_COLLISIONS.csv ; 11 ; 1386 ; 1.61
aamas/logs300/offices_range1_agents11__CASTAR_CHECK_COLLISIONS.csv ; 11 ; 550 ; 0.44
aamas/logs300/offices_range1_agents11__CASTAR_CHECK_COLLISIONS.csv ; 11 ; 737 ; 0.81
aamas/logs300/offices_range1_agents11__CASTAR_CHECK_COLLISIONS.csv ; 11 ; 627 ; 0.38
aamas/logs300/offices_range1_agents11__CASTAR_CHECK_COLLISIONS.csv ; 11 ; 737 ; 0.87
aamas/logs300/offices_range1_agents12__CASTAR_CHECK_COLLISIONS.csv ; 12 ; 732 ; 0.7
aamas/logs300/offices_range1_agents12__CASTAR_CHECK_COLLISIONS.csv ; 12 ; 1488 ; 1.26
aamas/logs300/offices_range1_agents12__CASTAR_CHECK_COLLISIONS.csv ; 12 ; 804 ; 0.76
aamas/logs300/offices_range1_agents12__CASTAR_CHECK_COLLISIONS.csv ; 12 ; 576 ; 0.85
aamas/logs300/offices_range1_agents12__CASTAR_CHECK_COLLISIONS.csv ; 12 ; 648 ; 0.99
aamas/logs300/offices_range1_agents12__CASTAR_CHECK_COLLISIONS.csv ; 12 ; 912 ; 0.89
aamas/logs300/offices_range1_agents12__CASTAR_CHECK_COLLISIONS.csv ; 12 ; 984 ; 0.99
aamas/logs300/offices_range1_agents12__CASTAR_CHECK_COLLISIONS.csv ; 12 ; 1380 ; 1.38
aamas/logs300/offices_range1_agents12__CASTAR_CHECK_COLLISIONS.csv ; 12 ; 1368 ; 1.87
aamas/logs300/offices_range1_agents12__CASTAR_CHECK_COLLISIONS.csv ; 12 ; 1392 ; 1.31
aamas/logs300/offices_range1_agents12__CASTAR_CHECK_COLLISIONS.csv ; 12 ; 936 ; 0.78
aamas/logs300/offices_range1_agents12__CASTAR_CHECK_COLLISIONS.csv ; 12 ; 816 ; 1.73
aamas/logs300/offices_range1_agents12__CASTAR_CHECK_COLLISIONS.csv ; 12 ; 456 ; 0.54
aamas/logs300/offices_range1_agents12__CASTAR_CHECK_COLLISIONS.csv ; 12 ; 1164 ; 0.84
aamas/logs300/offices_range1_agents12__CASTAR_CHECK_COLLISIONS.csv ; 12 ; 876 ; 0.82
aamas/logs300/offices_range1_agents12__CASTAR_CHECK_COLLISIONS.csv ; 12 ; 1536 ; 1.58
aamas/logs300/offices_range1_agents12__CASTAR_CHECK_COLLISIONS.csv ; 12 ; 1416 ; 1.22
aamas/logs300/offices_range1_agents12__CASTAR_CHECK_COLLISIONS.csv ; 12 ; 996 ; 1.32
aamas/logs300/offices_range1_agents12__CASTAR_CHECK_COLLISIONS.csv ; 12 ; 636 ; 0.45
aamas/logs300/offices_range1_agents12__CASTAR_CHECK_COLLISIONS.csv ; 12 ; 876 ; 0.59
aamas/logs300/offices_range1_agents13__CASTAR_CHECK_COLLISIONS.csv ; 13 ; 1547 ; 2.22
aamas/logs300/offices_range1_agents13__CASTAR_CHECK_COLLISIONS.csv ; 13 ; 1274 ; 1.96
aamas/logs300/offices_range1_agents13__CASTAR_CHECK_COLLISIONS.csv ; 13 ; 598 ; 0.8
aamas/logs300/offices_range1_agents13__CASTAR_CHECK_COLLISIONS.csv ; 13 ; 1300 ; 1.8
aamas/logs300/offices_range1_agents13__CASTAR_CHECK_COLLISIONS.csv ; 13 ; 2028 ; 1.71
aamas/logs300/offices_range1_agents13__CASTAR_CHECK_COLLISIONS.csv ; 13 ; 845 ; 0.77
aamas/logs300/offices_range1_agents13__CASTAR_CHECK_COLLISIONS.csv ; 13 ; 741 ; 1.11
aamas/logs300/offices_range1_agents13__CASTAR_CHECK_COLLISIONS.csv ; 13 ; 1274 ; 0.94
aamas/logs300/offices_range1_agents13__CASTAR_CHECK_COLLISIONS.csv ; 13 ; 1482 ; 0.94
aamas/logs300/offices_range1_agents13__CASTAR_CHECK_COLLISIONS.csv ; 13 ; 1469 ; 1.09
aamas/logs300/offices_range1_agents13__CASTAR_CHECK_COLLISIONS.csv ; 13 ; 520 ; 0.9
aamas/logs300/offices_range1_agents13__CASTAR_CHECK_COLLISIONS.csv ; 13 ; 429 ; 0.6
aamas/logs300/offices_range1_agents13__CASTAR_CHECK_COLLISIONS.csv ; 13 ; 1001 ; 0.8
aamas/logs300/offices_range1_agents13__CASTAR_CHECK_COLLISIONS.csv ; 13 ; 546 ; 0.68
aamas/logs300/offices_range1_agents13__CASTAR_CHECK_COLLISIONS.csv ; 13 ; 689 ; 0.7
aamas/logs300/offices_range1_agents13__CASTAR_CHECK_COLLISIONS.csv ; 13 ; 1586 ; 1.71
aamas/logs300/offices_range1_agents13__CASTAR_CHECK_COLLISIONS.csv ; 13 ; 1235 ; 0.86
aamas/logs300/offices_range1_agents13__CASTAR_CHECK_COLLISIONS.csv ; 13 ; 1014 ; 1.03
aamas/logs300/offices_range1_agents13__CASTAR_CHECK_COLLISIONS.csv ; 13 ; 1846 ; 1.6
aamas/logs300/offices_range1_agents13__CASTAR_CHECK_COLLISIONS.csv ; 13 ; 1443 ; 1.74
aamas/logs300/offices_range1_agents14__CASTAR_CHECK_COLLISIONS.csv ; 14 ; 938 ; 1.09
aamas/logs300/offices_range1_agents14__CASTAR_CHECK_COLLISIONS.csv ; 14 ; 1092 ; 0.98
aamas/logs300/offices_range1_agents14__CASTAR_CHECK_COLLISIONS.csv ; 14 ; 1624 ; 1.23
aamas/logs300/offices_range1_agents14__CASTAR_CHECK_COLLISIONS.csv ; 14 ; 1316 ; 0.94
aamas/logs300/offices_range1_agents14__CASTAR_CHECK_COLLISIONS.csv ; 14 ; 2800 ; 5.64
aamas/logs300/offices_range1_agents14__CASTAR_CHECK_COLLISIONS.csv ; 14 ; 630 ; 0.75
aamas/logs300/offices_range1_agents14__CASTAR_CHECK_COLLISIONS.csv ; 14 ; 1176 ; 0.93
aamas/logs300/offices_range1_agents14__CASTAR_CHECK_COLLISIONS.csv ; 14 ; 1610 ; 1.4
aamas/logs300/offices_range1_agents14__CASTAR_CHECK_COLLISIONS.csv ; 14 ; 434 ; 0.53
aamas/logs300/offices_range1_agents14__CASTAR_CHECK_COLLISIONS.csv ; 14 ; 630 ; 1.1
aamas/logs300/offices_range1_agents14__CASTAR_CHECK_COLLISIONS.csv ; 14 ; 1204 ; 1.44
aamas/logs300/offices_range1_agents14__CASTAR_CHECK_COLLISIONS.csv ; 14 ; 1806 ; 1.57
aamas/logs300/offices_range1_agents14__CASTAR_CHECK_COLLISIONS.csv ; 14 ; 1190 ; 0.95
aamas/logs300/offices_range1_agents14__CASTAR_CHECK_COLLISIONS.csv ; 14 ; 1442 ; 1.17
aamas/logs300/offices_range1_agents14__CASTAR_CHECK_COLLISIONS.csv ; 14 ; 1638 ; 1.58
aamas/logs300/offices_range1_agents14__CASTAR_CHECK_COLLISIONS.csv ; 14 ; 1106 ; 1.36
aamas/logs300/offices_range1_agents14__CASTAR_CHECK_COLLISIONS.csv ; 14 ; 938 ; 0.88
aamas/logs300/offices_range1_agents14__CASTAR_CHECK_COLLISIONS.csv ; 14 ; 896 ; 0.95
aamas/logs300/offices_range1_agents14__CASTAR_CHECK_COLLISIONS.csv ; 14 ; 1820 ; 1.26
aamas/logs300/offices_range1_agents14__CASTAR_CHECK_COLLISIONS.csv ; 14 ; 1638 ; 1.93
aamas/logs300/offices_range1_agents15__CASTAR_CHECK_COLLISIONS.csv ; 15 ; 1965 ; 1.51
aamas/logs300/offices_range1_agents15__CASTAR_CHECK_COLLISIONS.csv ; 15 ; 1185 ; 2.45
aamas/logs300/offices_range1_agents15__CASTAR_CHECK_COLLISIONS.csv ; 15 ; 1980 ; 1.69
aamas/logs300/offices_range1_agents15__CASTAR_CHECK_COLLISIONS.csv ; 15 ; 1710 ; 3.42
aamas/logs300/offices_range1_agents15__CASTAR_CHECK_COLLISIONS.csv ; 15 ; 975 ; 1.15
aamas/logs300/offices_range1_agents15__CASTAR_CHECK_COLLISIONS.csv ; 15 ; 1440 ; 0.87
aamas/logs300/offices_range1_agents15__CASTAR_CHECK_COLLISIONS.csv ; 15 ; 705 ; 0.59
aamas/logs300/offices_range1_agents15__CASTAR_CHECK_COLLISIONS.csv ; 15 ; 3015 ; 4.87
aamas/logs300/offices_range1_agents15__CASTAR_CHECK_COLLISIONS.csv ; 15 ; 1785 ; 1.25
aamas/logs300/offices_range1_agents15__CASTAR_CHECK_COLLISIONS.csv ; 15 ; 735 ; 0.39
aamas/logs300/offices_range1_agents15__CASTAR_CHECK_COLLISIONS.csv ; 15 ; 1020 ; 0.83
aamas/logs300/offices_range1_agents15__CASTAR_CHECK_COLLISIONS.csv ; 15 ; 840 ; 1.02
aamas/logs300/offices_range1_agents15__CASTAR_CHECK_COLLISIONS.csv ; 15 ; 1425 ; 1.33
aamas/logs300/offices_range1_agents15__CASTAR_CHECK_COLLISIONS.csv ; 15 ; 615 ; 0.65
aamas/logs300/offices_range1_agents15__CASTAR_CHECK_COLLISIONS.csv ; 15 ; 2010 ; 1.54
aamas/logs300/offices_range1_agents15__CASTAR_CHECK_COLLISIONS.csv ; 15 ; 1125 ; 1.25
aamas/logs300/offices_range1_agents15__CASTAR_CHECK_COLLISIONS.csv ; 15 ; 1290 ; 1.03
aamas/logs300/offices_range1_agents15__CASTAR_CHECK_COLLISIONS.csv ; 15 ; 1470 ; 0.98
aamas/logs300/offices_range1_agents15__CASTAR_CHECK_COLLISIONS.csv ; 15 ; 1860 ; 1.32
aamas/logs300/offices_range1_agents15__CASTAR_CHECK_COLLISIONS.csv ; 15 ; 645 ; 0.72
aamas/logs300/offices_range1_agents16__CASTAR_CHECK_COLLISIONS.csv ; 16 ; 1600 ; 0.95
aamas/logs300/offices_range1_agents16__CASTAR_CHECK_COLLISIONS.csv ; 16 ; 1280 ; 1.67
aamas/logs300/offices_range1_agents16__CASTAR_CHECK_COLLISIONS.csv ; 16 ; 960 ; 1.08
aamas/logs300/offices_range1_agents16__CASTAR_CHECK_COLLISIONS.csv ; 16 ; 2528 ; 4.09
aamas/logs300/offices_range1_agents16__CASTAR_CHECK_COLLISIONS.csv ; 16 ; 1616 ; 1.29
aamas/logs300/offices_range1_agents16__CASTAR_CHECK_COLLISIONS.csv ; 16 ; 4496 ; 6.1
aamas/logs300/offices_range1_agents16__CASTAR_CHECK_COLLISIONS.csv ; 16 ; 2192 ; 1.66
aamas/logs300/offices_range1_agents16__CASTAR_CHECK_COLLISIONS.csv ; 16 ; 4272 ; 10.63
aamas/logs300/offices_range1_agents16__CASTAR_CHECK_COLLISIONS.csv ; 16 ; 1488 ; 1.04
aamas/logs300/offices_range1_agents16__CASTAR_CHECK_COLLISIONS.csv ; 16 ; 1664 ; 1.66
aamas/logs300/offices_range1_agents16__CASTAR_CHECK_COLLISIONS.csv ; 16 ; 1920 ; 1.18
aamas/logs300/offices_range1_agents16__CASTAR_CHECK_COLLISIONS.csv ; 16 ; 688 ; 0.63
aamas/logs300/offices_range1_agents16__CASTAR_CHECK_COLLISIONS.csv ; 16 ; 1616 ; 2.22
aamas/logs300/offices_range1_agents16__CASTAR_CHECK_COLLISIONS.csv ; 16 ; 672 ; 1.3
aamas/logs300/offices_range1_agents16__CASTAR_CHECK_COLLISIONS.csv ; 16 ; 2160 ; 3.08
aamas/logs300/offices_range1_agents16__CASTAR_CHECK_COLLISIONS.csv ; 16 ; 1552 ; 1.57
aamas/logs300/offices_range1_agents16__CASTAR_CHECK_COLLISIONS.csv ; 16 ; 592 ; 0.79
aamas/logs300/offices_range1_agents16__CASTAR_CHECK_COLLISIONS.csv ; 16 ; 1200 ; 1.34
aamas/logs300/offices_range1_agents16__CASTAR_CHECK_COLLISIONS.csv ; 16 ; 2032 ; 2.81
aamas/logs300/offices_range1_agents16__CASTAR_CHECK_COLLISIONS.csv ; 16 ; 2416 ; 3.33
aamas/logs300/offices_range1_agents17__CASTAR_CHECK_COLLISIONS.csv ; 17 ; 1445 ; 1.04
aamas/logs300/offices_range1_agents17__CASTAR_CHECK_COLLISIONS.csv ; 17 ; 1751 ; 1.39
aamas/logs300/offices_range1_agents17__CASTAR_CHECK_COLLISIONS.csv ; 17 ; 1785 ; 3.21
aamas/logs300/offices_range1_agents17__CASTAR_CHECK_COLLISIONS.csv ; 17 ; 1275 ; 1.62
aamas/logs300/offices_range1_agents17__CASTAR_CHECK_COLLISIONS.csv ; 17 ; 1377 ; 0.99
aamas/logs300/offices_range1_agents17__CASTAR_CHECK_COLLISIONS.csv ; 17 ; 1241 ; 1.45
aamas/logs300/offices_range1_agents17__CASTAR_CHECK_COLLISIONS.csv ; 17 ; 1904 ; 3.01
aamas/logs300/offices_range1_agents17__CASTAR_CHECK_COLLISIONS.csv ; 17 ; 1241 ; 1.72
aamas/logs300/offices_range1_agents17__CASTAR_CHECK_COLLISIONS.csv ; 17 ; 1581 ; 1.81
aamas/logs300/offices_range1_agents17__CASTAR_CHECK_COLLISIONS.csv ; 17 ; 3757 ; 7.38
aamas/logs300/offices_range1_agents17__CASTAR_CHECK_COLLISIONS.csv ; 17 ; 2074 ; 2.44
aamas/logs300/offices_range1_agents17__CASTAR_CHECK_COLLISIONS.csv ; 17 ; 1207 ; 1.78
aamas/logs300/offices_range1_agents17__CASTAR_CHECK_COLLISIONS.csv ; 17 ; 2567 ; 3.96
aamas/logs300/offices_range1_agents17__CASTAR_CHECK_COLLISIONS.csv ; 17 ; 5797 ; 9.8
aamas/logs300/offices_range1_agents17__CASTAR_CHECK_COLLISIONS.csv ; 17 ; 2006 ; 1.1
aamas/logs300/offices_range1_agents17__CASTAR_CHECK_COLLISIONS.csv ; 17 ; 952 ; 1.89
aamas/logs300/offices_range1_agents17__CASTAR_CHECK_COLLISIONS.csv ; 17 ; 1360 ; 1.64
aamas/logs300/offices_range1_agents17__CASTAR_CHECK_COLLISIONS.csv ; 17 ; 1275 ; 1.89
aamas/logs300/offices_range1_agents17__CASTAR_CHECK_COLLISIONS.csv ; 17 ; 1649 ; 1.69
aamas/logs300/offices_range1_agents17__CASTAR_CHECK_COLLISIONS.csv ; 17 ; 2193 ; 3.01
aamas/logs300/offices_range1_agents18__CASTAR_CHECK_COLLISIONS.csv ; 18 ; 5994 ; 9.04
aamas/logs300/offices_range1_agents18__CASTAR_CHECK_COLLISIONS.csv ; 18 ; 1044 ; 1.75
aamas/logs300/offices_range1_agents18__CASTAR_CHECK_COLLISIONS.csv ; 18 ; 2772 ; 2.94
aamas/logs300/offices_range1_agents18__CASTAR_CHECK_COLLISIONS.csv ; 18 ; 1152 ; 1.22
aamas/logs300/offices_range1_agents18__CASTAR_CHECK_COLLISIONS.csv ; 18 ; 1278 ; 1.97
aamas/logs300/offices_range1_agents18__CASTAR_CHECK_COLLISIONS.csv ; 18 ; 2520 ; 4.3
aamas/logs300/offices_range1_agents18__CASTAR_CHECK_COLLISIONS.csv ; 18 ; 2556 ; 4.2
aamas/logs300/offices_range1_agents18__CASTAR_CHECK_COLLISIONS.csv ; 18 ; 1854 ; 2.2
aamas/logs300/offices_range1_agents18__CASTAR_CHECK_COLLISIONS.csv ; 18 ; 1692 ; 2.19
aamas/logs300/offices_range1_agents18__CASTAR_CHECK_COLLISIONS.csv ; 18 ; 2718 ; 2.6
aamas/logs300/offices_range1_agents18__CASTAR_CHECK_COLLISIONS.csv ; 18 ; 2214 ; 2.09
aamas/logs300/offices_range1_agents18__CASTAR_CHECK_COLLISIONS.csv ; 18 ; 1494 ; 1.96
aamas/logs300/offices_range1_agents18__CASTAR_CHECK_COLLISIONS.csv ; 18 ; 990 ; 1.38
aamas/logs300/offices_range1_agents18__CASTAR_CHECK_COLLISIONS.csv ; 18 ; 3168 ; 3.05
aamas/logs300/offices_range1_agents18__CASTAR_CHECK_COLLISIONS.csv ; 18 ; 1836 ; 2.02
aamas/logs300/offices_range1_agents18__CASTAR_CHECK_COLLISIONS.csv ; 18 ; 1350 ; 2.45
aamas/logs300/offices_range1_agents18__CASTAR_CHECK_COLLISIONS.csv ; 18 ; 1620 ; 2.62
aamas/logs300/offices_range1_agents18__CASTAR_CHECK_COLLISIONS.csv ; 18 ; 2574 ; 3.12
aamas/logs300/offices_range1_agents18__CASTAR_CHECK_COLLISIONS.csv ; 18 ; 3006 ; 3.48
aamas/logs300/offices_range1_agents18__CASTAR_CHECK_COLLISIONS.csv ; 18 ; 1044 ; 1.11
aamas/logs300/offices_range1_agents19__CASTAR_CHECK_COLLISIONS.csv ; 19 ; 2109 ; 2.18
aamas/logs300/offices_range1_agents19__CASTAR_CHECK_COLLISIONS.csv ; 19 ; 5149 ; 23.78
aamas/logs300/offices_range1_agents19__CASTAR_CHECK_COLLISIONS.csv ; 19 ; 2736 ; 3.39
aamas/logs300/offices_range1_agents19__CASTAR_CHECK_COLLISIONS.csv ; 19 ; 3097 ; 3.39
aamas/logs300/offices_range1_agents19__CASTAR_CHECK_COLLISIONS.csv ; 19 ; 2641 ; 3.05
aamas/logs300/offices_range1_agents19__CASTAR_CHECK_COLLISIONS.csv ; 19 ; 1957 ; 1.43
aamas/logs300/offices_range1_agents19__CASTAR_CHECK_COLLISIONS.csv ; 19 ; 798 ; 1.31
aamas/logs300/offices_range1_agents19__CASTAR_CHECK_COLLISIONS.csv ; 19 ; 2527 ; 1.99
aamas/logs300/offices_range1_agents19__CASTAR_CHECK_COLLISIONS.csv ; 19 ; 1805 ; 3.66
aamas/logs300/offices_range1_agents19__CASTAR_CHECK_COLLISIONS.csv ; 19 ; 2261 ; 3.12
aamas/logs300/offices_range1_agents19__CASTAR_CHECK_COLLISIONS.csv ; 19 ; 3002 ; 5.42
aamas/logs300/offices_range1_agents19__CASTAR_CHECK_COLLISIONS.csv ; 19 ; 3173 ; 5.86
aamas/logs300/offices_range1_agents19__CASTAR_CHECK_COLLISIONS.csv ; 19 ; 1387 ; 1.73
aamas/logs300/offices_range1_agents19__CASTAR_CHECK_COLLISIONS.csv ; 19 ; 798 ; 1.42
aamas/logs300/offices_range1_agents19__CASTAR_CHECK_COLLISIONS.csv ; 19 ; 2147 ; 2.37
aamas/logs300/offices_range1_agents19__CASTAR_CHECK_COLLISIONS.csv ; 19 ; 1596 ; 1.79
aamas/logs300/offices_range1_agents19__CASTAR_CHECK_COLLISIONS.csv ; 19 ; 874 ; 1.78
aamas/logs300/offices_range1_agents19__CASTAR_CHECK_COLLISIONS.csv ; 19 ; 2869 ; 2.95
aamas/logs300/offices_range1_agents19__CASTAR_CHECK_COLLISIONS.csv ; 19 ; 1311 ; 1.21
aamas/logs300/offices_range1_agents19__CASTAR_CHECK_COLLISIONS.csv ; 19 ; 1634 ; 1.96
aamas/logs300/offices_range1_agents20__CASTAR_CHECK_COLLISIONS.csv ; 20 ; 2220 ; 1.91
aamas/logs300/offices_range1_agents20__CASTAR_CHECK_COLLISIONS.csv ; 20 ; 2580 ; 7.03
aamas/logs300/offices_range1_agents20__CASTAR_CHECK_COLLISIONS.csv ; 20 ; 2100 ; 4.07
aamas/logs300/offices_range1_agents20__CASTAR_CHECK_COLLISIONS.csv ; 20 ; 2460 ; 3.4
aamas/logs300/offices_range1_agents20__CASTAR_CHECK_COLLISIONS.csv ; 20 ; 3320 ; 5.6
aamas/logs300/offices_range1_agents20__CASTAR_CHECK_COLLISIONS.csv ; 20 ; 1900 ; 1.89
aamas/logs300/offices_range1_agents20__CASTAR_CHECK_COLLISIONS.csv ; 20 ; 1900 ; 1.72
aamas/logs300/offices_range1_agents20__CASTAR_CHECK_COLLISIONS.csv ; 20 ; 2240 ; 1.91
aamas/logs300/offices_range1_agents20__CASTAR_CHECK_COLLISIONS.csv ; 20 ; 2560 ; 4.36
aamas/logs300/offices_range1_agents20__CASTAR_CHECK_COLLISIONS.csv ; 20 ; 2760 ; 2.26
aamas/logs300/offices_range1_agents20__CASTAR_CHECK_COLLISIONS.csv ; 20 ; 1640 ; 1.47
aamas/logs300/offices_range1_agents20__CASTAR_CHECK_COLLISIONS.csv ; 20 ; 1500 ; 1.74
aamas/logs300/offices_range1_agents20__CASTAR_CHECK_COLLISIONS.csv ; 20 ; 2320 ; 4.67
aamas/logs300/offices_range1_agents20__CASTAR_CHECK_COLLISIONS.csv ; 20 ; 2200 ; 3.53
aamas/logs300/offices_range1_agents20__CASTAR_CHECK_COLLISIONS.csv ; 20 ; 3740 ; 6.08
aamas/logs300/offices_range1_agents20__CASTAR_CHECK_COLLISIONS.csv ; 20 ; 1960 ; 2.14
aamas/logs300/offices_range1_agents20__CASTAR_CHECK_COLLISIONS.csv ; 20 ; 2080 ; 2.09
aamas/logs300/offices_range1_agents20__CASTAR_CHECK_COLLISIONS.csv ; 20 ; 1660 ; 3.23
aamas/logs300/offices_range1_agents20__CASTAR_CHECK_COLLISIONS.csv ; 20 ; 2500 ; 4.3
aamas/logs300/offices_range1_agents20__CASTAR_CHECK_COLLISIONS.csv ; 20 ; 2320 ; 1.81
aamas/logs300/offices_range1_agents21__CASTAR_CHECK_COLLISIONS.csv ; 21 ; 2121 ; 3.03
aamas/logs300/offices_range1_agents21__CASTAR_CHECK_COLLISIONS.csv ; 21 ; 2604 ; 3.29
aamas/logs300/offices_range1_agents21__CASTAR_CHECK_COLLISIONS.csv ; 21 ; 2541 ; 4.43
aamas/logs300/offices_range1_agents21__CASTAR_CHECK_COLLISIONS.csv ; 21 ; 3360 ; 3.78
aamas/logs300/offices_range1_agents21__CASTAR_CHECK_COLLISIONS.csv ; 21 ; 1134 ; 1.46
aamas/logs300/offices_range1_agents21__CASTAR_CHECK_COLLISIONS.csv ; 21 ; 2625 ; 3.98
aamas/logs300/offices_range1_agents21__CASTAR_CHECK_COLLISIONS.csv ; 21 ; 2163 ; 3.33
aamas/logs300/offices_range1_agents21__CASTAR_CHECK_COLLISIONS.csv ; 21 ; 2352 ; 2.63
aamas/logs300/offices_range1_agents21__CASTAR_CHECK_COLLISIONS.csv ; 21 ; 5691 ; 8.14
aamas/logs300/offices_range1_agents21__CASTAR_CHECK_COLLISIONS.csv ; 21 ; 3465 ; 4.47
aamas/logs300/offices_range1_agents21__CASTAR_CHECK_COLLISIONS.csv ; 21 ; 4536 ; 8.92
aamas/logs300/offices_range1_agents21__CASTAR_CHECK_COLLISIONS.csv ; 21 ; 1995 ; 2.48
aamas/logs300/offices_range1_agents21__CASTAR_CHECK_COLLISIONS.csv ; 21 ; 2394 ; 2.84
aamas/logs300/offices_range1_agents21__CASTAR_CHECK_COLLISIONS.csv ; 21 ; 1239 ; 1.94
aamas/logs300/offices_range1_agents21__CASTAR_CHECK_COLLISIONS.csv ; 21 ; 2268 ; 5.22
aamas/logs300/offices_range1_agents21__CASTAR_CHECK_COLLISIONS.csv ; 21 ; 2562 ; 1.79
aamas/logs300/offices_range1_agents21__CASTAR_CHECK_COLLISIONS.csv ; 21 ; 2415 ; 4.47
aamas/logs300/offices_range1_agents21__CASTAR_CHECK_COLLISIONS.csv ; 21 ; 2373 ; 2.44
aamas/logs300/offices_range1_agents21__CASTAR_CHECK_COLLISIONS.csv ; 21 ; 2898 ; 6.42
aamas/logs300/offices_range1_agents21__CASTAR_CHECK_COLLISIONS.csv ; 21 ; 5124 ; 7.37
aamas/logs300/offices_range1_agents22__CASTAR_CHECK_COLLISIONS.csv ; 22 ; 3630 ; 5.72
aamas/logs300/offices_range1_agents22__CASTAR_CHECK_COLLISIONS.csv ; 22 ; 5082 ; 12.52
aamas/logs300/offices_range1_agents22__CASTAR_CHECK_COLLISIONS.csv ; 22 ; 3894 ; 6.24
aamas/logs300/offices_range1_agents22__CASTAR_CHECK_COLLISIONS.csv ; 22 ; 2706 ; 3.81
aamas/logs300/offices_range1_agents22__CASTAR_CHECK_COLLISIONS.csv ; 22 ; 4532 ; 7.58
aamas/logs300/offices_range1_agents22__CASTAR_CHECK_COLLISIONS.csv ; 22 ; 1738 ; 3.36
aamas/logs300/offices_range1_agents22__CASTAR_CHECK_COLLISIONS.csv ; 22 ; 2640 ; 5.01
aamas/logs300/offices_range1_agents22__CASTAR_CHECK_COLLISIONS.csv ; 22 ; 1320 ; 2.38
aamas/logs300/offices_range1_agents22__CASTAR_CHECK_COLLISIONS.csv ; 22 ; 3718 ; 4.08
aamas/logs300/offices_range1_agents22__CASTAR_CHECK_COLLISIONS.csv ; 22 ; 1738 ; 2.91
aamas/logs300/offices_range1_agents22__CASTAR_CHECK_COLLISIONS.csv ; 22 ; 2662 ; 3.99
aamas/logs300/offices_range1_agents22__CASTAR_CHECK_COLLISIONS.csv ; 22 ; 2112 ; 2.19
aamas/logs300/offices_range1_agents22__CASTAR_CHECK_COLLISIONS.csv ; 22 ; 3762 ; 7.63
aamas/logs300/offices_range1_agents22__CASTAR_CHECK_COLLISIONS.csv ; 22 ; 3696 ; 4.08
aamas/logs300/offices_range1_agents22__CASTAR_CHECK_COLLISIONS.csv ; 22 ; 3982 ; 27.72
aamas/logs300/offices_range1_agents22__CASTAR_CHECK_COLLISIONS.csv ; 22 ; 2772 ; 2.93
aamas/logs300/offices_range1_agents22__CASTAR_CHECK_COLLISIONS.csv ; 22 ; 2486 ; 3.71
aamas/logs300/offices_range1_agents22__CASTAR_CHECK_COLLISIONS.csv ; 22 ; 3564 ; 3.84
aamas/logs300/offices_range1_agents22__CASTAR_CHECK_COLLISIONS.csv ; 22 ; 3278 ; 2.94
aamas/logs300/offices_range1_agents22__CASTAR_CHECK_COLLISIONS.csv ; 22 ; 3080 ; 9.14
aamas/logs300/offices_range1_agents23__CASTAR_CHECK_COLLISIONS.csv ; 23 ; 5819 ; 9.89
aamas/logs300/offices_range1_agents23__CASTAR_CHECK_COLLISIONS.csv ; 23 ; 1771 ; 1.8
aamas/logs300/offices_range1_agents23__CASTAR_CHECK_COLLISIONS.csv ; 23 ; 1932 ; 3.98
aamas/logs300/offices_range1_agents23__CASTAR_CHECK_COLLISIONS.csv ; 23 ; 3657 ; 4.31
aamas/logs300/offices_range1_agents23__CASTAR_CHECK_COLLISIONS.csv ; 23 ; 2461 ; 3.44
aamas/logs300/offices_range1_agents23__CASTAR_CHECK_COLLISIONS.csv ; 23 ; 3473 ; 2.47
aamas/logs300/offices_range1_agents23__CASTAR_CHECK_COLLISIONS.csv ; 23 ; 2208 ; 10.71
aamas/logs300/offices_range1_agents23__CASTAR_CHECK_COLLISIONS.csv ; 23 ; 3105 ; 3.35
aamas/logs300/offices_range1_agents23__CASTAR_CHECK_COLLISIONS.csv ; 23 ; 4071 ; 5.26
aamas/logs300/offices_range1_agents23__CASTAR_CHECK_COLLISIONS.csv ; 23 ; 7084 ; 17.01
aamas/logs300/offices_range1_agents23__CASTAR_CHECK_COLLISIONS.csv ; 23 ; 4117 ; 4.94
aamas/logs300/offices_range1_agents23__CASTAR_CHECK_COLLISIONS.csv ; 23 ; 3266 ; 5.58
aamas/logs300/offices_range1_agents23__CASTAR_CHECK_COLLISIONS.csv ; 23 ; 3013 ; 2.97
aamas/logs300/offices_range1_agents23__CASTAR_CHECK_COLLISIONS.csv ; 23 ; 3335 ; 4.0
aamas/logs300/offices_range1_agents23__CASTAR_CHECK_COLLISIONS.csv ; 23 ; 5727 ; 18.5
aamas/logs300/offices_range1_agents23__CASTAR_CHECK_COLLISIONS.csv ; 23 ; 1541 ; 2.17
aamas/logs300/offices_range1_agents23__CASTAR_CHECK_COLLISIONS.csv ; 23 ; 3358 ; 9.18
aamas/logs300/offices_range1_agents23__CASTAR_CHECK_COLLISIONS.csv ; 23 ; 4508 ; 7.22
aamas/logs300/offices_range1_agents23__CASTAR_CHECK_COLLISIONS.csv ; 23 ; 3427 ; 3.42
aamas/logs300/offices_range1_agents23__CASTAR_CHECK_COLLISIONS.csv ; 23 ; 3128 ; 2.07
aamas/logs300/offices_range1_agents24__CASTAR_CHECK_COLLISIONS.csv ; 24 ; 2064 ; 4.59
aamas/logs300/offices_range1_agents24__CASTAR_CHECK_COLLISIONS.csv ; 24 ; 3960 ; 7.04
aamas/logs300/offices_range1_agents24__CASTAR_CHECK_COLLISIONS.csv ; 24 ; 3336 ; 5.11
aamas/logs300/offices_range1_agents24__CASTAR_CHECK_COLLISIONS.csv ; 24 ; 4992 ; 16.13
aamas/logs300/offices_range1_agents24__CASTAR_CHECK_COLLISIONS.csv ; 24 ; 2232 ; 6.49
aamas/logs300/offices_range1_agents24__CASTAR_CHECK_COLLISIONS.csv ; 24 ; 6216 ; 14.45
aamas/logs300/offices_range1_agents24__CASTAR_CHECK_COLLISIONS.csv ; 24 ; 5712 ; 52.34
aamas/logs300/offices_range1_agents24__CASTAR_CHECK_COLLISIONS.csv ; 24 ; 4056 ; 7.7
aamas/logs300/offices_range1_agents24__CASTAR_CHECK_COLLISIONS.csv ; 24 ; 4776 ; 8.05
aamas/logs300/offices_range1_agents24__CASTAR_CHECK_COLLISIONS.csv ; 24 ; 4008 ; 5.15
aamas/logs300/offices_range1_agents24__CASTAR_CHECK_COLLISIONS.csv ; 24 ; 2688 ; 7.5
aamas/logs300/offices_range1_agents24__CASTAR_CHECK_COLLISIONS.csv ; 24 ; 8520 ; 12.04
aamas/logs300/offices_range1_agents24__CASTAR_CHECK_COLLISIONS.csv ; 24 ; 1488 ; 2.14
aamas/logs300/offices_range1_agents24__CASTAR_CHECK_COLLISIONS.csv ; 24 ; 4152 ; 3.58
aamas/logs300/offices_range1_agents24__CASTAR_CHECK_COLLISIONS.csv ; 24 ; 1824 ; 2.97
aamas/logs300/offices_range1_agents24__CASTAR_CHECK_COLLISIONS.csv ; 24 ; 1752 ; 4.7
aamas/logs300/offices_range1_agents24__CASTAR_CHECK_COLLISIONS.csv ; 24 ; 6744 ; 14.21
aamas/logs300/offices_range1_agents24__CASTAR_CHECK_COLLISIONS.csv ; 24 ; 4200 ; 4.84
aamas/logs300/offices_range1_agents24__CASTAR_CHECK_COLLISIONS.csv ; 24 ; 2352 ; 2.48
aamas/logs300/offices_range1_agents24__CASTAR_CHECK_COLLISIONS.csv ; 24 ; 3816 ; 7.65
aamas/logs300/offices_range1_agents25__CASTAR_CHECK_COLLISIONS.csv ; 25 ; 3750 ; 7.78
aamas/logs300/offices_range1_agents25__CASTAR_CHECK_COLLISIONS.csv ; 25 ; 1725 ; 3.54
aamas/logs300/offices_range1_agents25__CASTAR_CHECK_COLLISIONS.csv ; 25 ; 3475 ; 3.53
aamas/logs300/offices_range1_agents25__CASTAR_CHECK_COLLISIONS.csv ; 25 ; 4075 ; 7.17
aamas/logs300/offices_range1_agents25__CASTAR_CHECK_COLLISIONS.csv ; 25 ; 4250 ; 6.48
aamas/logs300/offices_range1_agents25__CASTAR_CHECK_COLLISIONS.csv ; 25 ; 2925 ; 3.0
aamas/logs300/offices_range1_agents25__CASTAR_CHECK_COLLISIONS.csv ; 25 ; 1075 ; 1.48
aamas/logs300/offices_range1_agents25__CASTAR_CHECK_COLLISIONS.csv ; 25 ; 2550 ; 2.59
aamas/logs300/offices_range1_agents25__CASTAR_CHECK_COLLISIONS.csv ; 25 ; 5075 ; 39.18
aamas/logs300/offices_range1_agents25__CASTAR_CHECK_COLLISIONS.csv ; 25 ; 4800 ; 14.81
aamas/logs300/offices_range1_agents25__CASTAR_CHECK_COLLISIONS.csv ; 25 ; 2525 ; 5.71
aamas/logs300/offices_range1_agents25__CASTAR_CHECK_COLLISIONS.csv ; 25 ; 3250 ; 7.94
aamas/logs300/offices_range1_agents25__CASTAR_CHECK_COLLISIONS.csv ; 25 ; 2175 ; 35.89
aamas/logs300/offices_range1_agents25__CASTAR_CHECK_COLLISIONS.csv ; 25 ; 4775 ; 10.73
aamas/logs300/offices_range1_agents25__CASTAR_CHECK_COLLISIONS.csv ; 25 ; 4375 ; 7.12
aamas/logs300/offices_range1_agents25__CASTAR_CHECK_COLLISIONS.csv ; 25 ; 5750 ; 16.06
aamas/logs300/offices_range1_agents25__CASTAR_CHECK_COLLISIONS.csv ; 25 ; 4550 ; 11.04
aamas/logs300/offices_range1_agents25__CASTAR_CHECK_COLLISIONS.csv ; 25 ; 2375 ; 2.9
aamas/logs300/offices_range1_agents25__CASTAR_CHECK_COLLISIONS.csv ; 25 ; 4775 ; 9.59
aamas/logs300/offices_range1_agents25__CASTAR_CHECK_COLLISIONS.csv ; 25 ; 4950 ; 29.77
aamas/logs300/offices_range1_agents26__CASTAR_CHECK_COLLISIONS.csv ; 26 ; 4004 ; 7.41
aamas/logs300/offices_range1_agents26__CASTAR_CHECK_COLLISIONS.csv ; 26 ; 2730 ; 3.1
aamas/logs300/offices_range1_agents26__CASTAR_CHECK_COLLISIONS.csv ; 26 ; 2652 ; 3.86
aamas/logs300/offices_range1_agents26__CASTAR_CHECK_COLLISIONS.csv ; 26 ; 2964 ; 22.86
aamas/logs300/offices_range1_agents26__CASTAR_CHECK_COLLISIONS.csv ; 26 ; 6500 ; 9.93
aamas/logs300/offices_range1_agents26__CASTAR_CHECK_COLLISIONS.csv ; 26 ; 5434 ; 11.77
aamas/logs300/offices_range1_agents26__CASTAR_CHECK_COLLISIONS.csv ; 26 ; 5850 ; 29.24
aamas/logs300/offices_range1_agents26__CASTAR_CHECK_COLLISIONS.csv ; 26 ; 2288 ; 7.2
aamas/logs300/offices_range1_agents26__CASTAR_CHECK_COLLISIONS.csv ; 26 ; 5018 ; 5.84
aamas/logs300/offices_range1_agents26__CASTAR_CHECK_COLLISIONS.csv ; 26 ; 3406 ; 5.47
aamas/logs300/offices_range1_agents26__CASTAR_CHECK_COLLISIONS.csv ; 26 ; 3874 ; 5.02
aamas/logs300/offices_range1_agents26__CASTAR_CHECK_COLLISIONS.csv ; 26 ; 8346 ; 19.61
aamas/logs300/offices_range1_agents26__CASTAR_CHECK_COLLISIONS.csv ; 26 ; 3744 ; 5.98
aamas/logs300/offices_range1_agents26__CASTAR_CHECK_COLLISIONS.csv ; 26 ; 3458 ; 2.95
aamas/logs300/offices_range1_agents26__CASTAR_CHECK_COLLISIONS.csv ; 26 ; 7176 ; 12.63
aamas/logs300/offices_range1_agents26__CASTAR_CHECK_COLLISIONS.csv ; 26 ; 2132 ; 2.92
aamas/logs300/offices_range1_agents26__CASTAR_CHECK_COLLISIONS.csv ; 26 ; 2886 ; 7.75
aamas/logs300/offices_range1_agents26__CASTAR_CHECK_COLLISIONS.csv ; 26 ; 5330 ; 10.3
aamas/logs300/offices_range1_agents26__CASTAR_CHECK_COLLISIONS.csv ; 26 ; 10920 ; 19.94
aamas/logs300/offices_range1_agents26__CASTAR_CHECK_COLLISIONS.csv ; 26 ; 7462 ; 38.34
aamas/logs300/offices_range1_agents27__CASTAR_CHECK_COLLISIONS.csv ; 27 ; 3510 ; 15.33
aamas/logs300/offices_range1_agents27__CASTAR_CHECK_COLLISIONS.csv ; 27 ; 1809 ; 3.5
aamas/logs300/offices_range1_agents27__CASTAR_CHECK_COLLISIONS.csv ; 27 ; 2727 ; 5.36
aamas/logs300/offices_range1_agents27__CASTAR_CHECK_COLLISIONS.csv ; 27 ; 6264 ; 66.56
aamas/logs300/offices_range1_agents27__CASTAR_CHECK_COLLISIONS.csv ; 27 ; 2673 ; 18.47
aamas/logs300/offices_range1_agents27__CASTAR_CHECK_COLLISIONS.csv ; 27 ; 3321 ; 3.45
aamas/logs300/offices_range1_agents27__CASTAR_CHECK_COLLISIONS.csv ; 27 ; 4077 ; 28.87
aamas/logs300/offices_range1_agents27__CASTAR_CHECK_COLLISIONS.csv ; 27 ; 5319 ; 16.77
aamas/logs300/offices_range1_agents27__CASTAR_CHECK_COLLISIONS.csv ; 27 ; 3078 ; 6.72
aamas/logs300/offices_range1_agents27__CASTAR_CHECK_COLLISIONS.csv ; 27 ; 4050 ; 7.65
aamas/logs300/offices_range1_agents27__CASTAR_CHECK_COLLISIONS.csv ; 27 ; 5292 ; 10.07
aamas/logs300/offices_range1_agents27__CASTAR_CHECK_COLLISIONS.csv ; 27 ; 4617 ; 8.86
aamas/logs300/offices_range1_agents27__CASTAR_CHECK_COLLISIONS.csv ; 27 ; 3132 ; 7.95
aamas/logs300/offices_range1_agents27__CASTAR_CHECK_COLLISIONS.csv ; 27 ; 2862 ; 6.21
aamas/logs300/offices_range1_agents27__CASTAR_CHECK_COLLISIONS.csv ; 27 ; 4698 ; 9.23
aamas/logs300/offices_range1_agents27__CASTAR_CHECK_COLLISIONS.csv ; 27 ; 3969 ; 4.22
aamas/logs300/offices_range1_agents27__CASTAR_CHECK_COLLISIONS.csv ; 27 ; 4320 ; 8.08
aamas/logs300/offices_range1_agents27__CASTAR_CHECK_COLLISIONS.csv ; 27 ; 5535 ; 10.42
aamas/logs300/offices_range1_agents27__CASTAR_CHECK_COLLISIONS.csv ; 27 ; 5832 ; 10.1
aamas/logs300/offices_range1_agents27__CASTAR_CHECK_COLLISIONS.csv ; 27 ; 5400 ; 10.02
aamas/logs300/offices_range1_agents28__CASTAR_CHECK_COLLISIONS.csv ; 28 ; 2884 ; 6.35
aamas/logs300/offices_range1_agents28__CASTAR_CHECK_COLLISIONS.csv ; 28 ; 11620 ; 18.93
aamas/logs300/offices_range1_agents28__CASTAR_CHECK_COLLISIONS.csv ; 28 ; 6356 ; 22.33
aamas/logs300/offices_range1_agents28__CASTAR_CHECK_COLLISIONS.csv ; 28 ; 6048 ; 11.84
aamas/logs300/offices_range1_agents28__CASTAR_CHECK_COLLISIONS.csv ; 28 ; 2856 ; 5.07
aamas/logs300/offices_range1_agents28__CASTAR_CHECK_COLLISIONS.csv ; 28 ; 4452 ; 12.88
aamas/logs300/offices_range1_agents28__CASTAR_CHECK_COLLISIONS.csv ; 28 ; 3304 ; 5.15
aamas/logs300/offices_range1_agents28__CASTAR_CHECK_COLLISIONS.csv ; 28 ; 4200 ; 9.14
aamas/logs300/offices_range1_agents28__CASTAR_CHECK_COLLISIONS.csv ; 28 ; 6132 ; 136.75
aamas/logs300/offices_range1_agents28__CASTAR_CHECK_COLLISIONS.csv ; 28 ; 5488 ; 34.7
aamas/logs300/offices_range1_agents28__CASTAR_CHECK_COLLISIONS.csv ; 28 ; 4900 ; 46.07
aamas/logs300/offices_range1_agents28__CASTAR_CHECK_COLLISIONS.csv ; 28 ; 3444 ; 5.39
aamas/logs300/offices_range1_agents28__CASTAR_CHECK_COLLISIONS.csv ; 28 ; 4536 ; 119.08
aamas/logs300/offices_range1_agents28__CASTAR_CHECK_COLLISIONS.csv ; 28 ; 4284 ; 6.47
aamas/logs300/offices_range1_agents28__CASTAR_CHECK_COLLISIONS.csv ; 28 ; 5348 ; 7.43
aamas/logs300/offices_range1_agents28__CASTAR_CHECK_COLLISIONS.csv ; 28 ; 6412 ; 14.36
aamas/logs300/offices_range1_agents28__CASTAR_CHECK_COLLISIONS.csv ; 28 ; 2688 ; 6.43
aamas/logs300/offices_range1_agents28__CASTAR_CHECK_COLLISIONS.csv ; 28 ; 3724 ; 16.16
aamas/logs300/offices_range1_agents28__CASTAR_CHECK_COLLISIONS.csv ; 28 ; 7532 ; 17.6
aamas/logs300/offices_range1_agents28__CASTAR_CHECK_COLLISIONS.csv ; 28 ; 4172 ; 7.38
aamas/logs300/offices_range1_agents29__CASTAR_CHECK_COLLISIONS.csv ; 29 ; 4234 ; 8.66
aamas/logs300/offices_range1_agents29__CASTAR_CHECK_COLLISIONS.csv ; 29 ; 3277 ; 6.27
aamas/logs300/offices_range1_agents29__CASTAR_CHECK_COLLISIONS.csv ; 29 ; 5365 ; 6.03
aamas/logs300/offices_range1_agents29__CASTAR_CHECK_COLLISIONS.csv ; 29 ; 7685 ; 41.44
aamas/logs300/offices_range1_agents29__CASTAR_CHECK_COLLISIONS.csv ; 29 ; 4495 ; 8.05
aamas/logs300/offices_range1_agents29__CASTAR_CHECK_COLLISIONS.csv ; 29 ; 5539 ; 6.82
aamas/logs300/offices_range1_agents29__CASTAR_CHECK_COLLISIONS.csv ; 29 ; 4176 ; 5.66
aamas/logs300/offices_range1_agents29__CASTAR_CHECK_COLLISIONS.csv ; 29 ; 6467 ; 11.96
aamas/logs300/offices_range1_agents29__CASTAR_CHECK_COLLISIONS.csv ; 29 ; 3538 ; 4.24
aamas/logs300/offices_range1_agents29__CASTAR_CHECK_COLLISIONS.csv ; 29 ; 5075 ; 17.28
aamas/logs300/offices_range1_agents29__CASTAR_CHECK_COLLISIONS.csv ; 29 ; 6757 ; 29.36
aamas/logs300/offices_range1_agents29__CASTAR_CHECK_COLLISIONS.csv ; 29 ; 3973 ; 9.1
aamas/logs300/offices_range1_agents29__CASTAR_CHECK_COLLISIONS.csv ; 29 ; 5191 ; 6.76
aamas/logs300/offices_range1_agents29__CASTAR_CHECK_COLLISIONS.csv ; 29 ; 3161 ; 6.25
aamas/logs300/offices_range1_agents29__CASTAR_CHECK_COLLISIONS.csv ; 29 ; 3944 ; 5.92
aamas/logs300/offices_range1_agents29__CASTAR_CHECK_COLLISIONS.csv ; 29 ; 2581 ; 3.54
aamas/logs300/offices_range1_agents29__CASTAR_CHECK_COLLISIONS.csv ; 29 ; 3886 ; 7.28
aamas/logs300/offices_range1_agents29__CASTAR_CHECK_COLLISIONS.csv ; 29 ; 5046 ; 6.47
aamas/logs300/offices_range1_agents29__CASTAR_CHECK_COLLISIONS.csv ; 29 ; 4843 ; 15.82
aamas/logs300/offices_range1_agents29__CASTAR_CHECK_COLLISIONS.csv ; 29 ; 5365 ; 10.85
aamas/logs300/offices_range1_agents30__CASTAR_CHECK_COLLISIONS.csv ; 30 ; 4470 ; 5.37
aamas/logs300/offices_range1_agents30__CASTAR_CHECK_COLLISIONS.csv ; 30 ; 5910 ; 146.26
aamas/logs300/offices_range1_agents30__CASTAR_CHECK_COLLISIONS.csv ; 30 ; 8550 ; 21.68
aamas/logs300/offices_range1_agents30__CASTAR_CHECK_COLLISIONS.csv ; 30 ; 2580 ; 5.71
aamas/logs300/offices_range1_agents30__CASTAR_CHECK_COLLISIONS.csv ; 30 ; 3300 ; 7.25
aamas/logs300/offices_range1_agents30__CASTAR_CHECK_COLLISIONS.csv ; 30 ; 7560 ; 17.49
aamas/logs300/offices_range1_agents30__CASTAR_CHECK_COLLISIONS.csv ; 30 ; 7440 ; 27.06
aamas/logs300/offices_range1_agents30__CASTAR_CHECK_COLLISIONS.csv ; 30 ; 6450 ; 13.65
aamas/logs300/offices_range1_agents30__CASTAR_CHECK_COLLISIONS.csv ; 30 ; 3450 ; 6.23
aamas/logs300/offices_range1_agents30__CASTAR_CHECK_COLLISIONS.csv ; 30 ; 4590 ; 35.4
aamas/logs300/offices_range1_agents30__CASTAR_CHECK_COLLISIONS.csv ; 30 ; 3090 ; 5.05
aamas/logs300/offices_range1_agents30__CASTAR_CHECK_COLLISIONS.csv ; 30 ; 9750 ; 19.83
aamas/logs300/offices_range1_agents30__CASTAR_CHECK_COLLISIONS.csv ; 30 ; 4320 ; 7.37
aamas/logs300/offices_range1_agents30__CASTAR_CHECK_COLLISIONS.csv ; 30 ; 3240 ; 8.39
aamas/logs300/offices_range1_agents30__CASTAR_CHECK_COLLISIONS.csv ; 30 ; 2460 ; 4.37
aamas/logs300/offices_range1_agents30__CASTAR_CHECK_COLLISIONS.csv ; 30 ; 4170 ; 11.99
aamas/logs300/offices_range1_agents30__CASTAR_CHECK_COLLISIONS.csv ; 30 ; 4320 ; 12.85
aamas/logs300/offices_range1_agents30__CASTAR_CHECK_COLLISIONS.csv ; 30 ; 4140 ; 8.9
aamas/logs300/offices_range1_agents30__CASTAR_CHECK_COLLISIONS.csv ; 30 ; 2730 ; 2.85
aamas/logs300/offices_range1_agents30__CASTAR_CHECK_COLLISIONS.csv ; 30 ; 4740 ; 10.68
aamas/logs300/offices_range1_agents31__CASTAR_CHECK_COLLISIONS.csv ; 31 ; 2945 ; 12.83
aamas/logs300/offices_range1_agents31__CASTAR_CHECK_COLLISIONS.csv ; 31 ; 6076 ; 105.17
aamas/logs300/offices_range1_agents31__CASTAR_CHECK_COLLISIONS.csv ; 31 ; 3875 ; 7.41
aamas/logs300/offices_range1_agents31__CASTAR_CHECK_COLLISIONS.csv ; 31 ; 4619 ; 33.01
aamas/logs300/offices_range1_agents31__CASTAR_CHECK_COLLISIONS.csv ; 31 ; 4619 ; 5.38
aamas/logs300/offices_range1_agents31__CASTAR_CHECK_COLLISIONS.csv ; 31 ; 4402 ; 5.32
aamas/logs300/offices_range1_agents31__CASTAR_CHECK_COLLISIONS.csv ; 31 ; 6200 ; 11.38
aamas/logs300/offices_range1_agents31__CASTAR_CHECK_COLLISIONS.csv ; 31 ; 6975 ; 31.75
aamas/logs300/offices_range1_agents31__CASTAR_CHECK_COLLISIONS.csv ; 31 ; 4154 ; 5.71
aamas/logs300/offices_range1_agents31__CASTAR_CHECK_COLLISIONS.csv ; 31 ; 7316 ; 13.39
aamas/logs300/offices_range1_agents31__CASTAR_CHECK_COLLISIONS.csv ; 31 ; 6200 ; 12.97
aamas/logs300/offices_range1_agents31__CASTAR_CHECK_COLLISIONS.csv ; 31 ; 6975 ; 13.58
aamas/logs300/offices_range1_agents31__CASTAR_CHECK_COLLISIONS.csv ; 31 ; 5518 ; 67.43
aamas/logs300/offices_range1_agents31__CASTAR_CHECK_COLLISIONS.csv ; 31 ; 4836 ; 7.06
aamas/logs300/offices_range1_agents31__CASTAR_CHECK_COLLISIONS.csv ; 31 ; 7750 ; 15.26
aamas/logs300/offices_range1_agents31__CASTAR_CHECK_COLLISIONS.csv ; 31 ; 8277 ; 16.45
aamas/logs300/offices_range1_agents31__CASTAR_CHECK_COLLISIONS.csv ; 31 ; 3379 ; 4.87
aamas/logs300/offices_range1_agents31__CASTAR_CHECK_COLLISIONS.csv ; 31 ; 5983 ; 12.25
aamas/logs300/offices_range1_agents31__CASTAR_CHECK_COLLISIONS.csv ; 31 ; 8401 ; 16.8
aamas/logs300/offices_range1_agents31__CASTAR_CHECK_COLLISIONS.csv ; 31 ; 10354 ; 54.75
aamas/logs300/offices_range1_agents32__CASTAR_CHECK_COLLISIONS.csv ; 32 ; 6080 ; 13.15
aamas/logs300/offices_range1_agents32__CASTAR_CHECK_COLLISIONS.csv ; 32 ; 6400 ; 13.81
aamas/logs300/offices_range1_agents32__CASTAR_CHECK_COLLISIONS.csv ; 32 ; 7744 ; 13.44
aamas/logs300/offices_range1_agents32__CASTAR_CHECK_COLLISIONS.csv ; 32 ; 5184 ; 13.77
aamas/logs300/offices_range1_agents32__CASTAR_CHECK_COLLISIONS.csv ; 32 ; 8192 ; 21.91
aamas/logs300/offices_range1_agents32__CASTAR_CHECK_COLLISIONS.csv ; 32 ; 10304 ; 26.16
aamas/logs300/offices_range1_agents32__CASTAR_CHECK_COLLISIONS.csv ; 32 ; 8864 ; 18.47
aamas/logs300/offices_range1_agents32__CASTAR_CHECK_COLLISIONS.csv ; 32 ; 5056 ; 16.47
aamas/logs300/offices_range1_agents32__CASTAR_CHECK_COLLISIONS.csv ; 32 ; 9536 ; 19.13
aamas/logs300/offices_range1_agents32__CASTAR_CHECK_COLLISIONS.csv ; 32 ; 5728 ; 165.62
aamas/logs300/offices_range1_agents32__CASTAR_CHECK_COLLISIONS.csv ; 32 ; 6208 ; 15.33
aamas/logs300/offices_range1_agents32__CASTAR_CHECK_COLLISIONS.csv ; 32 ; 4320 ; 64.2
aamas/logs300/offices_range1_agents32__CASTAR_CHECK_COLLISIONS.csv ; 32 ; 4896 ; 7.52
aamas/logs300/offices_range1_agents32__CASTAR_CHECK_COLLISIONS.csv ; 32 ; 5632 ; 7.02
aamas/logs300/offices_range1_agents32__CASTAR_CHECK_COLLISIONS.csv ; 32 ; 5792 ; 178.06
aamas/logs300/offices_range1_agents32__CASTAR_CHECK_COLLISIONS.csv ; 32 ; 3456 ; 157.04
aamas/logs300/offices_range1_agents32__CASTAR_CHECK_COLLISIONS.csv ; 32 ; 5248 ; 43.07
aamas/logs300/offices_range1_agents32__CASTAR_CHECK_COLLISIONS.csv ; 32 ; 6688 ; 25.49
aamas/logs300/offices_range1_agents32__CASTAR_CHECK_COLLISIONS.csv ; 32 ; 4224 ; 5.8
aamas/logs300/offices_range1_agents33__CASTAR_CHECK_COLLISIONS.csv ; 33 ; 6666 ; 16.34
aamas/logs300/offices_range1_agents33__CASTAR_CHECK_COLLISIONS.csv ; 33 ; 4356 ; 9.12
aamas/logs300/offices_range1_agents33__CASTAR_CHECK_COLLISIONS.csv ; 33 ; 3993 ; 6.26
aamas/logs300/offices_range1_agents33__CASTAR_CHECK_COLLISIONS.csv ; 33 ; 11484 ; 29.13
aamas/logs300/offices_range1_agents33__CASTAR_CHECK_COLLISIONS.csv ; 33 ; 8217 ; 15.93
aamas/logs300/offices_range1_agents33__CASTAR_CHECK_COLLISIONS.csv ; 33 ; 3927 ; 115.46
aamas/logs300/offices_range1_agents33__CASTAR_CHECK_COLLISIONS.csv ; 33 ; 5247 ; 8.93
aamas/logs300/offices_range1_agents33__CASTAR_CHECK_COLLISIONS.csv ; 33 ; 5643 ; 22.24
aamas/logs300/offices_range1_agents33__CASTAR_CHECK_COLLISIONS.csv ; 33 ; 2442 ; 6.12
aamas/logs300/offices_range1_agents33__CASTAR_CHECK_COLLISIONS.csv ; 33 ; 4620 ; 7.65
aamas/logs300/offices_range1_agents33__CASTAR_CHECK_COLLISIONS.csv ; 33 ; 5412 ; 14.05
aamas/logs300/offices_range1_agents33__CASTAR_CHECK_COLLISIONS.csv ; 33 ; 6930 ; 31.92
aamas/logs300/offices_range1_agents33__CASTAR_CHECK_COLLISIONS.csv ; 33 ; 3102 ; 3.4
aamas/logs300/offices_range1_agents33__CASTAR_CHECK_COLLISIONS.csv ; 33 ; 6831 ; 42.74
aamas/logs300/offices_range1_agents33__CASTAR_CHECK_COLLISIONS.csv ; 33 ; 11682 ; 26.56
aamas/logs300/offices_range1_agents33__CASTAR_CHECK_COLLISIONS.csv ; 33 ; 8415 ; 19.35
aamas/logs300/offices_range1_agents33__CASTAR_CHECK_COLLISIONS.csv ; 33 ; 5577 ; 7.28
aamas/logs300/offices_range1_agents33__CASTAR_CHECK_COLLISIONS.csv ; 33 ; 8415 ; 57.88
aamas/logs300/offices_range1_agents33__CASTAR_CHECK_COLLISIONS.csv ; 33 ; 4290 ; 8.22
aamas/logs300/offices_range1_agents33__CASTAR_CHECK_COLLISIONS.csv ; 33 ; 4752 ; 7.97
aamas/logs300/offices_range1_agents34__CASTAR_CHECK_COLLISIONS.csv ; 34 ; 5644 ; 7.58
aamas/logs300/offices_range1_agents34__CASTAR_CHECK_COLLISIONS.csv ; 34 ; 7684 ; 19.6
aamas/logs300/offices_range1_agents34__CASTAR_CHECK_COLLISIONS.csv ; 34 ; 9384 ; 56.84
aamas/logs300/offices_range1_agents34__CASTAR_CHECK_COLLISIONS.csv ; 34 ; 6426 ; 24.24
aamas/logs300/offices_range1_agents34__CASTAR_CHECK_COLLISIONS.csv ; 34 ; 6596 ; 56.62
aamas/logs300/offices_range1_agents34__CASTAR_CHECK_COLLISIONS.csv ; 34 ; 6630 ; 11.51
aamas/logs300/offices_range1_agents34__CASTAR_CHECK_COLLISIONS.csv ; 34 ; 10234 ; 19.12
aamas/logs300/offices_range1_agents34__CASTAR_CHECK_COLLISIONS.csv ; 34 ; 11322 ; 24.7
aamas/logs300/offices_range1_agents34__CASTAR_CHECK_COLLISIONS.csv ; 34 ; 8840 ; 31.32
aamas/logs300/offices_range1_agents34__CASTAR_CHECK_COLLISIONS.csv ; 34 ; 5984 ; 44.02
aamas/logs300/offices_range1_agents34__CASTAR_CHECK_COLLISIONS.csv ; 34 ; 6222 ; 41.66
aamas/logs300/offices_range1_agents34__CASTAR_CHECK_COLLISIONS.csv ; 34 ; 9044 ; 29.86
aamas/logs300/offices_range1_agents34__CASTAR_CHECK_COLLISIONS.csv ; 34 ; 4998 ; 271.29
aamas/logs300/offices_range1_agents34__CASTAR_CHECK_COLLISIONS.csv ; 34 ; 8772 ; 22.02
aamas/logs300/offices_range1_agents34__CASTAR_CHECK_COLLISIONS.csv ; 34 ; 9282 ; 20.31
aamas/logs300/offices_range1_agents34__CASTAR_CHECK_COLLISIONS.csv ; 34 ; 4080 ; 9.44
aamas/logs300/offices_range1_agents34__CASTAR_CHECK_COLLISIONS.csv ; 34 ; 6256 ; 66.39
aamas/logs300/offices_range1_agents34__CASTAR_CHECK_COLLISIONS.csv ; 34 ; 9588 ; 17.09
aamas/logs300/offices_range1_agents35__CASTAR_CHECK_COLLISIONS.csv ; 35 ; 4060 ; 7.02
aamas/logs300/offices_range1_agents35__CASTAR_CHECK_COLLISIONS.csv ; 35 ; 1925 ; 3.68
aamas/logs300/offices_range1_agents35__CASTAR_CHECK_COLLISIONS.csv ; 35 ; 6370 ; 18.23
aamas/logs300/offices_range1_agents35__CASTAR_CHECK_COLLISIONS.csv ; 35 ; 2590 ; 3.95
aamas/logs300/offices_range1_agents35__CASTAR_CHECK_COLLISIONS.csv ; 35 ; 6895 ; 25.79
aamas/logs300/offices_range1_agents35__CASTAR_CHECK_COLLISIONS.csv ; 35 ; 5915 ; 14.98
aamas/logs300/offices_range1_agents35__CASTAR_CHECK_COLLISIONS.csv ; 35 ; 8295 ; 20.03
aamas/logs300/offices_range1_agents35__CASTAR_CHECK_COLLISIONS.csv ; 35 ; 5110 ; 14.17
aamas/logs300/offices_range1_agents35__CASTAR_CHECK_COLLISIONS.csv ; 35 ; 9695 ; 25.34
aamas/logs300/offices_range1_agents35__CASTAR_CHECK_COLLISIONS.csv ; 35 ; 6195 ; 50.7
aamas/logs300/offices_range1_agents35__CASTAR_CHECK_COLLISIONS.csv ; 35 ; 7630 ; 25.27
aamas/logs300/offices_range1_agents35__CASTAR_CHECK_COLLISIONS.csv ; 35 ; 7665 ; 15.58
aamas/logs300/offices_range1_agents35__CASTAR_CHECK_COLLISIONS.csv ; 35 ; 4515 ; 6.97
aamas/logs300/offices_range1_agents35__CASTAR_CHECK_COLLISIONS.csv ; 35 ; 8680 ; 16.82
aamas/logs300/offices_range1_agents35__CASTAR_CHECK_COLLISIONS.csv ; 35 ; 4655 ; 10.79
aamas/logs300/offices_range1_agents35__CASTAR_CHECK_COLLISIONS.csv ; 35 ; 6335 ; 13.06
aamas/logs300/offices_range1_agents35__CASTAR_CHECK_COLLISIONS.csv ; 35 ; 4585 ; 11.1
aamas/logs300/offices_range1_agents35__CASTAR_CHECK_COLLISIONS.csv ; 35 ; 9030 ; 12.77
aamas/logs300/offices_range1_agents35__CASTAR_CHECK_COLLISIONS.csv ; 35 ; 5880 ; 21.39
aamas/logs300/offices_range1_agents36__CASTAR_CHECK_COLLISIONS.csv ; 36 ; 3708 ; 6.17
aamas/logs300/offices_range1_agents36__CASTAR_CHECK_COLLISIONS.csv ; 36 ; 9504 ; 174.79
aamas/logs300/offices_range1_agents36__CASTAR_CHECK_COLLISIONS.csv ; 36 ; 6588 ; 8.18
aamas/logs300/offices_range1_agents36__CASTAR_CHECK_COLLISIONS.csv ; 36 ; 7560 ; 25.6
aamas/logs300/offices_range1_agents36__CASTAR_CHECK_COLLISIONS.csv ; 36 ; 9360 ; 44.84
aamas/logs300/offices_range1_agents36__CASTAR_CHECK_COLLISIONS.csv ; 36 ; 6660 ; 22.15
aamas/logs300/offices_range1_agents36__CASTAR_CHECK_COLLISIONS.csv ; 36 ; 8640 ; 32.0
aamas/logs300/offices_range1_agents36__CASTAR_CHECK_COLLISIONS.csv ; 36 ; 6552 ; 45.86
aamas/logs300/offices_range1_agents36__CASTAR_CHECK_COLLISIONS.csv ; 36 ; 7344 ; 20.86
aamas/logs300/offices_range1_agents36__CASTAR_CHECK_COLLISIONS.csv ; 36 ; 5076 ; 26.92
aamas/logs300/offices_range1_agents36__CASTAR_CHECK_COLLISIONS.csv ; 36 ; 5724 ; 15.11
aamas/logs300/offices_range1_agents36__CASTAR_CHECK_COLLISIONS.csv ; 36 ; 6336 ; 55.86
aamas/logs300/offices_range1_agents36__CASTAR_CHECK_COLLISIONS.csv ; 36 ; 6228 ; 7.38
aamas/logs300/offices_range1_agents36__CASTAR_CHECK_COLLISIONS.csv ; 36 ; 3888 ; 11.42
aamas/logs300/offices_range1_agents36__CASTAR_CHECK_COLLISIONS.csv ; 36 ; 11700 ; 246.08
aamas/logs300/offices_range1_agents36__CASTAR_CHECK_COLLISIONS.csv ; 36 ; 7884 ; 24.43
aamas/logs300/offices_range1_agents36__CASTAR_CHECK_COLLISIONS.csv ; 36 ; 7128 ; 15.01
aamas/logs300/offices_range1_agents36__CASTAR_CHECK_COLLISIONS.csv ; 36 ; 6768 ; 266.14
aamas/logs300/offices_range1_agents36__CASTAR_CHECK_COLLISIONS.csv ; 36 ; 9792 ; 28.21
aamas/logs300/offices_range1_agents37__CASTAR_CHECK_COLLISIONS.csv ; 37 ; 6179 ; 16.65
aamas/logs300/offices_range1_agents37__CASTAR_CHECK_COLLISIONS.csv ; 37 ; 13727 ; 23.75
aamas/logs300/offices_range1_agents37__CASTAR_CHECK_COLLISIONS.csv ; 37 ; 6586 ; 13.78
aamas/logs300/offices_range1_agents37__CASTAR_CHECK_COLLISIONS.csv ; 37 ; 12506 ; 76.52
aamas/logs300/offices_range1_agents37__CASTAR_CHECK_COLLISIONS.csv ; 37 ; 5143 ; 61.52
aamas/logs300/offices_range1_agents37__CASTAR_CHECK_COLLISIONS.csv ; 37 ; 7992 ; 17.32
aamas/logs300/offices_range1_agents37__CASTAR_CHECK_COLLISIONS.csv ; 37 ; 9361 ; 30.87
aamas/logs300/offices_range1_agents37__CASTAR_CHECK_COLLISIONS.csv ; 37 ; 2442 ; 4.28
aamas/logs300/offices_range1_agents37__CASTAR_CHECK_COLLISIONS.csv ; 37 ; 7659 ; 14.66
aamas/logs300/offices_range1_agents37__CASTAR_CHECK_COLLISIONS.csv ; 37 ; 6253 ; 48.35
aamas/logs300/offices_range1_agents37__CASTAR_CHECK_COLLISIONS.csv ; 37 ; 6586 ; 8.46
aamas/logs300/offices_range1_agents37__CASTAR_CHECK_COLLISIONS.csv ; 37 ; 7474 ; 77.71
aamas/logs300/offices_range1_agents37__CASTAR_CHECK_COLLISIONS.csv ; 37 ; 7067 ; 296.76
aamas/logs300/offices_range1_agents37__CASTAR_CHECK_COLLISIONS.csv ; 37 ; 6031 ; 74.25
aamas/logs300/offices_range1_agents37__CASTAR_CHECK_COLLISIONS.csv ; 37 ; 8103 ; 186.48
aamas/logs300/offices_range1_agents37__CASTAR_CHECK_COLLISIONS.csv ; 37 ; 10175 ; 25.51
aamas/logs300/offices_range1_agents38__CASTAR_CHECK_COLLISIONS.csv ; 38 ; 9842 ; 25.58
aamas/logs300/offices_range1_agents38__CASTAR_CHECK_COLLISIONS.csv ; 38 ; 12274 ; 21.59
aamas/logs300/offices_range1_agents38__CASTAR_CHECK_COLLISIONS.csv ; 38 ; 10336 ; 58.31
aamas/logs300/offices_range1_agents38__CASTAR_CHECK_COLLISIONS.csv ; 38 ; 11932 ; 28.56
aamas/logs300/offices_range1_agents38__CASTAR_CHECK_COLLISIONS.csv ; 38 ; 5624 ; 10.55
aamas/logs300/offices_range1_agents38__CASTAR_CHECK_COLLISIONS.csv ; 38 ; 11438 ; 54.83
aamas/logs300/offices_range1_agents38__CASTAR_CHECK_COLLISIONS.csv ; 38 ; 6536 ; 26.19
aamas/logs300/offices_range1_agents38__CASTAR_CHECK_COLLISIONS.csv ; 38 ; 8474 ; 120.64
aamas/logs300/offices_range1_agents38__CASTAR_CHECK_COLLISIONS.csv ; 38 ; 9842 ; 92.38
aamas/logs300/offices_range1_agents38__CASTAR_CHECK_COLLISIONS.csv ; 38 ; 7106 ; 171.14
aamas/logs300/offices_range1_agents38__CASTAR_CHECK_COLLISIONS.csv ; 38 ; 12768 ; 23.69
aamas/logs300/offices_range1_agents38__CASTAR_CHECK_COLLISIONS.csv ; 38 ; 11818 ; 91.19
aamas/logs300/offices_range1_agents38__CASTAR_CHECK_COLLISIONS.csv ; 38 ; 8246 ; 53.31
aamas/logs300/offices_range1_agents38__CASTAR_CHECK_COLLISIONS.csv ; 38 ; 4636 ; 5.97
aamas/logs300/offices_range1_agents38__CASTAR_CHECK_COLLISIONS.csv ; 38 ; 9652 ; 13.3
aamas/logs300/offices_range1_agents38__CASTAR_CHECK_COLLISIONS.csv ; 38 ; 8246 ; 28.2
aamas/logs300/offices_range1_agents38__CASTAR_CHECK_COLLISIONS.csv ; 38 ; 9120 ; 31.09
aamas/logs300/offices_range1_agents38__CASTAR_CHECK_COLLISIONS.csv ; 38 ; 7676 ; 19.06
aamas/logs300/offices_range1_agents38__CASTAR_CHECK_COLLISIONS.csv ; 38 ; 8854 ; 181.74
aamas/logs300/offices_range1_agents39__CASTAR_CHECK_COLLISIONS.csv ; 39 ; 8619 ; 199.52
aamas/logs300/offices_range1_agents39__CASTAR_CHECK_COLLISIONS.csv ; 39 ; 8034 ; 27.12
aamas/logs300/offices_range1_agents39__CASTAR_CHECK_COLLISIONS.csv ; 39 ; 10608 ; 261.04
aamas/logs300/offices_range1_agents39__CASTAR_CHECK_COLLISIONS.csv ; 39 ; 10998 ; 32.8
aamas/logs300/offices_range1_agents39__CASTAR_CHECK_COLLISIONS.csv ; 39 ; 6942 ; 10.58
aamas/logs300/offices_range1_agents39__CASTAR_CHECK_COLLISIONS.csv ; 39 ; 8346 ; 11.77
aamas/logs300/offices_range1_agents39__CASTAR_CHECK_COLLISIONS.csv ; 39 ; 10686 ; 120.55
aamas/logs300/offices_range1_agents39__CASTAR_CHECK_COLLISIONS.csv ; 39 ; 6903 ; 18.37
aamas/logs300/offices_range1_agents39__CASTAR_CHECK_COLLISIONS.csv ; 39 ; 5616 ; 18.87
aamas/logs300/offices_range1_agents39__CASTAR_CHECK_COLLISIONS.csv ; 39 ; 6357 ; 5.82
aamas/logs300/offices_range1_agents39__CASTAR_CHECK_COLLISIONS.csv ; 39 ; 7761 ; 14.36
aamas/logs300/offices_range1_agents39__CASTAR_CHECK_COLLISIONS.csv ; 39 ; 6240 ; 13.98
aamas/logs300/offices_range1_agents39__CASTAR_CHECK_COLLISIONS.csv ; 39 ; 10335 ; 62.34
aamas/logs300/offices_range1_agents39__CASTAR_CHECK_COLLISIONS.csv ; 39 ; 7683 ; 259.49
aamas/logs300/offices_range1_agents39__CASTAR_CHECK_COLLISIONS.csv ; 39 ; 4602 ; 21.19
aamas/logs300/offices_range1_agents40__CASTAR_CHECK_COLLISIONS.csv ; 40 ; 9920 ; 43.61
aamas/logs300/offices_range1_agents40__CASTAR_CHECK_COLLISIONS.csv ; 40 ; 6600 ; 15.36
aamas/logs300/offices_range1_agents40__CASTAR_CHECK_COLLISIONS.csv ; 40 ; 11480 ; 162.25
aamas/logs300/offices_range1_agents40__CASTAR_CHECK_COLLISIONS.csv ; 40 ; 7960 ; 129.75
aamas/logs300/offices_range1_agents40__CASTAR_CHECK_COLLISIONS.csv ; 40 ; 6920 ; 65.2
aamas/logs300/offices_range1_agents40__CASTAR_CHECK_COLLISIONS.csv ; 40 ; 16520 ; 30.0
aamas/logs300/offices_range1_agents40__CASTAR_CHECK_COLLISIONS.csv ; 40 ; 8320 ; 85.38
aamas/logs300/offices_range1_agents40__CASTAR_CHECK_COLLISIONS.csv ; 40 ; 11040 ; 20.34
aamas/logs300/offices_range1_agents40__CASTAR_CHECK_COLLISIONS.csv ; 40 ; 7600 ; 20.07
aamas/logs300/offices_range1_agents40__CASTAR_CHECK_COLLISIONS.csv ; 40 ; 11840 ; 27.41
aamas/logs300/offices_range1_agents40__CASTAR_CHECK_COLLISIONS.csv ; 40 ; 6040 ; 26.11
aamas/logs300/offices_range1_agents40__CASTAR_CHECK_COLLISIONS.csv ; 40 ; 5840 ; 51.92
aamas/logs300/offices_range1_agents40__CASTAR_CHECK_COLLISIONS.csv ; 40 ; 10640 ; 52.75
aamas/logs300/offices_range1_agents40__CASTAR_CHECK_COLLISIONS.csv ; 40 ; 6800 ; 158.62
aamas/logs300/offices_range1_agents40__CASTAR_CHECK_COLLISIONS.csv ; 40 ; 5600 ; 84.09
aamas/logs300/offices_range1_agents41__CASTAR_CHECK_COLLISIONS.csv ; 41 ; 8405 ; 102.03
aamas/logs300/offices_range1_agents41__CASTAR_CHECK_COLLISIONS.csv ; 41 ; 10537 ; 143.91
aamas/logs300/offices_range1_agents41__CASTAR_CHECK_COLLISIONS.csv ; 41 ; 9430 ; 25.3
aamas/logs300/offices_range1_agents41__CASTAR_CHECK_COLLISIONS.csv ; 41 ; 10127 ; 104.35
aamas/logs300/offices_range1_agents41__CASTAR_CHECK_COLLISIONS.csv ; 41 ; 6601 ; 15.64
aamas/logs300/offices_range1_agents41__CASTAR_CHECK_COLLISIONS.csv ; 41 ; 10537 ; 26.34
aamas/logs300/offices_range1_agents41__CASTAR_CHECK_COLLISIONS.csv ; 41 ; 8774 ; 51.18
aamas/logs300/offices_range1_agents41__CASTAR_CHECK_COLLISIONS.csv ; 41 ; 13079 ; 242.96
aamas/logs300/offices_range1_agents41__CASTAR_CHECK_COLLISIONS.csv ; 41 ; 8241 ; 132.91
aamas/logs300/offices_range1_agents41__CASTAR_CHECK_COLLISIONS.csv ; 41 ; 8077 ; 17.4
aamas/logs300/offices_range1_agents41__CASTAR_CHECK_COLLISIONS.csv ; 41 ; 11726 ; 35.54
aamas/logs300/offices_range1_agents41__CASTAR_CHECK_COLLISIONS.csv ; 41 ; 7626 ; 88.9
aamas/logs300/offices_range1_agents41__CASTAR_CHECK_COLLISIONS.csv ; 41 ; 4346 ; 20.57
aamas/logs300/offices_range1_agents41__CASTAR_CHECK_COLLISIONS.csv ; 41 ; 6027 ; 281.76
aamas/logs300/offices_range1_agents41__CASTAR_CHECK_COLLISIONS.csv ; 41 ; 6478 ; 9.8
aamas/logs300/offices_range1_agents41__CASTAR_CHECK_COLLISIONS.csv ; 41 ; 6191 ; 7.74
aamas/logs300/offices_range1_agents41__CASTAR_CHECK_COLLISIONS.csv ; 41 ; 11644 ; 136.43
aamas/logs300/offices_range1_agents41__CASTAR_CHECK_COLLISIONS.csv ; 41 ; 5822 ; 220.93
aamas/logs300/offices_range1_agents41__CASTAR_CHECK_COLLISIONS.csv ; 41 ; 7503 ; 122.44
aamas/logs300/offices_range1_agents42__CASTAR_CHECK_COLLISIONS.csv ; 42 ; 10794 ; 76.27
aamas/logs300/offices_range1_agents42__CASTAR_CHECK_COLLISIONS.csv ; 42 ; 12768 ; 134.42
aamas/logs300/offices_range1_agents42__CASTAR_CHECK_COLLISIONS.csv ; 42 ; 8190 ; 22.36
aamas/logs300/offices_range1_agents42__CASTAR_CHECK_COLLISIONS.csv ; 42 ; 8694 ; 96.41
aamas/logs300/offices_range1_agents42__CASTAR_CHECK_COLLISIONS.csv ; 42 ; 10290 ; 279.18
aamas/logs300/offices_range1_agents42__CASTAR_CHECK_COLLISIONS.csv ; 42 ; 9870 ; 97.26
aamas/logs300/offices_range1_agents42__CASTAR_CHECK_COLLISIONS.csv ; 42 ; 9450 ; 243.87
aamas/logs300/offices_range1_agents42__CASTAR_CHECK_COLLISIONS.csv ; 42 ; 13734 ; 40.69
aamas/logs300/offices_range1_agents42__CASTAR_CHECK_COLLISIONS.csv ; 42 ; 7770 ; 14.92
aamas/logs300/offices_range1_agents42__CASTAR_CHECK_COLLISIONS.csv ; 42 ; 10248 ; 28.9
aamas/logs300/offices_range1_agents43__CASTAR_CHECK_COLLISIONS.csv ; 43 ; 11911 ; 99.62
aamas/logs300/offices_range1_agents43__CASTAR_CHECK_COLLISIONS.csv ; 43 ; 9288 ; 53.22
aamas/logs300/offices_range1_agents43__CASTAR_CHECK_COLLISIONS.csv ; 43 ; 13760 ; 204.99
aamas/logs300/offices_range1_agents43__CASTAR_CHECK_COLLISIONS.csv ; 43 ; 9331 ; 103.15
aamas/logs300/offices_range1_agents43__CASTAR_CHECK_COLLISIONS.csv ; 43 ; 11997 ; 32.01
aamas/logs300/offices_range1_agents43__CASTAR_CHECK_COLLISIONS.csv ; 43 ; 15738 ; 37.05
aamas/logs300/offices_range1_agents43__CASTAR_CHECK_COLLISIONS.csv ; 43 ; 10664 ; 84.49
aamas/logs300/offices_range1_agents43__CASTAR_CHECK_COLLISIONS.csv ; 43 ; 12685 ; 30.72
aamas/logs300/offices_range1_agents43__CASTAR_CHECK_COLLISIONS.csv ; 43 ; 14620 ; 34.49
aamas/logs300/offices_range1_agents43__CASTAR_CHECK_COLLISIONS.csv ; 43 ; 11825 ; 249.11
aamas/logs300/offices_range1_agents44__CASTAR_CHECK_COLLISIONS.csv ; 44 ; 14828 ; 27.17
aamas/logs300/offices_range1_agents44__CASTAR_CHECK_COLLISIONS.csv ; 44 ; 7524 ; 29.19
aamas/logs300/offices_range1_agents44__CASTAR_CHECK_COLLISIONS.csv ; 44 ; 8272 ; 187.35
aamas/logs300/offices_range1_agents44__CASTAR_CHECK_COLLISIONS.csv ; 44 ; 10032 ; 43.93
aamas/logs300/offices_range1_agents44__CASTAR_CHECK_COLLISIONS.csv ; 44 ; 10560 ; 233.92
aamas/logs300/offices_range1_agents44__CASTAR_CHECK_COLLISIONS.csv ; 44 ; 9240 ; 63.33
aamas/logs300/offices_range1_agents44__CASTAR_CHECK_COLLISIONS.csv ; 44 ; 10736 ; 120.51
aamas/logs300/offices_range1_agents44__CASTAR_CHECK_COLLISIONS.csv ; 44 ; 11000 ; 26.97
aamas/logs300/offices_range1_agents44__CASTAR_CHECK_COLLISIONS.csv ; 44 ; 9636 ; 219.77
aamas/logs300/offices_range1_agents44__CASTAR_CHECK_COLLISIONS.csv ; 44 ; 10076 ; 116.89
aamas/logs300/offices_range1_agents44__CASTAR_CHECK_COLLISIONS.csv ; 44 ; 12144 ; 86.02
aamas/logs300/offices_range1_agents44__CASTAR_CHECK_COLLISIONS.csv ; 44 ; 10032 ; 253.79
aamas/logs300/offices_range1_agents44__CASTAR_CHECK_COLLISIONS.csv ; 44 ; 14168 ; 70.38
aamas/logs300/offices_range1_agents45__CASTAR_CHECK_COLLISIONS.csv ; 45 ; 12645 ; 80.0
aamas/logs300/offices_range1_agents45__CASTAR_CHECK_COLLISIONS.csv ; 45 ; 11655 ; 19.34
aamas/logs300/offices_range1_agents45__CASTAR_CHECK_COLLISIONS.csv ; 45 ; 10575 ; 40.59
aamas/logs300/offices_range1_agents45__CASTAR_CHECK_COLLISIONS.csv ; 45 ; 9090 ; 35.13
aamas/logs300/offices_range1_agents45__CASTAR_CHECK_COLLISIONS.csv ; 45 ; 3195 ; 6.29
aamas/logs300/offices_range1_agents45__CASTAR_CHECK_COLLISIONS.csv ; 45 ; 11610 ; 59.01
aamas/logs300/offices_range1_agents45__CASTAR_CHECK_COLLISIONS.csv ; 45 ; 13770 ; 30.6
aamas/logs300/offices_range1_agents45__CASTAR_CHECK_COLLISIONS.csv ; 45 ; 7965 ; 16.87
aamas/logs300/offices_range1_agents45__CASTAR_CHECK_COLLISIONS.csv ; 45 ; 10260 ; 56.4
aamas/logs300/offices_range1_agents45__CASTAR_CHECK_COLLISIONS.csv ; 45 ; 13635 ; 157.16
aamas/logs300/offices_range1_agents45__CASTAR_CHECK_COLLISIONS.csv ; 45 ; 9090 ; 23.2
aamas/logs300/offices_range1_agents45__CASTAR_CHECK_COLLISIONS.csv ; 45 ; 6570 ; 204.61
aamas/logs300/offices_range1_agents46__CASTAR_CHECK_COLLISIONS.csv ; 46 ; 8188 ; 295.6
aamas/logs300/offices_range1_agents46__CASTAR_CHECK_COLLISIONS.csv ; 46 ; 12420 ; 27.46
aamas/logs300/offices_range1_agents46__CASTAR_CHECK_COLLISIONS.csv ; 46 ; 10442 ; 106.09
aamas/logs300/offices_range1_agents46__CASTAR_CHECK_COLLISIONS.csv ; 46 ; 12604 ; 26.8
aamas/logs300/offices_range1_agents46__CASTAR_CHECK_COLLISIONS.csv ; 46 ; 13892 ; 121.63
aamas/logs300/offices_range1_agents46__CASTAR_CHECK_COLLISIONS.csv ; 46 ; 5198 ; 16.07
aamas/logs300/offices_range1_agents46__CASTAR_CHECK_COLLISIONS.csv ; 46 ; 15410 ; 35.99
aamas/logs300/offices_range1_agents46__CASTAR_CHECK_COLLISIONS.csv ; 46 ; 15594 ; 165.55
aamas/logs300/offices_range1_agents46__CASTAR_CHECK_COLLISIONS.csv ; 46 ; 7452 ; 17.15
aamas/logs300/offices_range1_agents46__CASTAR_CHECK_COLLISIONS.csv ; 46 ; 10764 ; 23.08
aamas/logs300/offices_range1_agents47__CASTAR_CHECK_COLLISIONS.csv ; 47 ; 9400 ; 296.13
aamas/logs300/offices_range1_agents47__CASTAR_CHECK_COLLISIONS.csv ; 47 ; 14194 ; 35.04
aamas/logs300/offices_range1_agents47__CASTAR_CHECK_COLLISIONS.csv ; 47 ; 9494 ; 26.46
aamas/logs300/offices_range1_agents47__CASTAR_CHECK_COLLISIONS.csv ; 47 ; 11045 ; 33.57
aamas/logs300/offices_range1_agents47__CASTAR_CHECK_COLLISIONS.csv ; 47 ; 8460 ; 109.86
aamas/logs300/offices_range1_agents47__CASTAR_CHECK_COLLISIONS.csv ; 47 ; 15228 ; 36.54
aamas/logs300/offices_range1_agents47__CASTAR_CHECK_COLLISIONS.csv ; 47 ; 13113 ; 139.07
aamas/logs300/offices_range1_agents47__CASTAR_CHECK_COLLISIONS.csv ; 47 ; 8601 ; 252.35
aamas/logs300/offices_range1_agents48__CASTAR_CHECK_COLLISIONS.csv ; 48 ; 12672 ; 202.35
aamas/logs300/offices_range1_agents48__CASTAR_CHECK_COLLISIONS.csv ; 48 ; 11664 ; 153.43
aamas/logs300/offices_range1_agents48__CASTAR_CHECK_COLLISIONS.csv ; 48 ; 6672 ; 76.29
aamas/logs300/offices_range1_agents48__CASTAR_CHECK_COLLISIONS.csv ; 48 ; 10848 ; 41.32
aamas/logs300/offices_range1_agents48__CASTAR_CHECK_COLLISIONS.csv ; 48 ; 10080 ; 36.76
aamas/logs300/offices_range1_agents49__CASTAR_CHECK_COLLISIONS.csv ; 49 ; 14749 ; 82.44
aamas/logs300/offices_range1_agents49__CASTAR_CHECK_COLLISIONS.csv ; 49 ; 9016 ; 19.95
aamas/logs300/offices_range1_agents49__CASTAR_CHECK_COLLISIONS.csv ; 49 ; 5243 ; 23.62
aamas/logs300/offices_range1_agents49__CASTAR_CHECK_COLLISIONS.csv ; 49 ; 13328 ; 24.51
aamas/logs300/offices_range1_agents49__CASTAR_CHECK_COLLISIONS.csv ; 49 ; 13524 ; 238.94
aamas/logs300/offices_range1_agents49__CASTAR_CHECK_COLLISIONS.csv ; 49 ; 13426 ; 30.28
aamas/logs300/offices_range1_agents49__CASTAR_CHECK_COLLISIONS.csv ; 49 ; 13181 ; 29.22
aamas/logs300/offices_range1_agents49__CASTAR_CHECK_COLLISIONS.csv ; 49 ; 10143 ; 25.76
aamas/logs300/offices_range1_agents49__CASTAR_CHECK_COLLISIONS.csv ; 49 ; 16170 ; 36.85
aamas/logs300/offices_range1_agents49__CASTAR_CHECK_COLLISIONS.csv ; 49 ; 10437 ; 94.26
aamas/logs300/offices_range1_agents49__CASTAR_CHECK_COLLISIONS.csv ; 49 ; 10682 ; 80.03
aamas/logs300/offices_range1_agents49__CASTAR_CHECK_COLLISIONS.csv ; 49 ; 14455 ; 138.09
aamas/logs300/offices_range1_agents50__CASTAR_CHECK_COLLISIONS.csv ; 50 ; 12300 ; 25.56
aamas/logs300/offices_range1_agents50__CASTAR_CHECK_COLLISIONS.csv ; 50 ; 14750 ; 87.31
aamas/logs300/offices_range1_agents50__CASTAR_CHECK_COLLISIONS.csv ; 50 ; 15200 ; 46.82
aamas/logs300/offices_range1_agents50__CASTAR_CHECK_COLLISIONS.csv ; 50 ; 10500 ; 283.52
aamas/logs300/offices_range1_agents50__CASTAR_CHECK_COLLISIONS.csv ; 50 ; 8400 ; 29.46
aamas/logs300/offices_range1_agents51__CASTAR_CHECK_COLLISIONS.csv ; 51 ; 14127 ; 178.72
aamas/logs300/offices_range1_agents51__CASTAR_CHECK_COLLISIONS.csv ; 51 ; 14994 ; 127.62
aamas/logs300/offices_range1_agents51__CASTAR_CHECK_COLLISIONS.csv ; 51 ; 9741 ; 83.81
aamas/logs300/offices_range1_agents51__CASTAR_CHECK_COLLISIONS.csv ; 51 ; 9537 ; 150.15
aamas/logs300/offices_range1_agents51__CASTAR_CHECK_COLLISIONS.csv ; 51 ; 12699 ; 275.52
aamas/logs300/offices_range1_agents51__CASTAR_CHECK_COLLISIONS.csv ; 51 ; 7803 ; 26.98
aamas/logs300/offices_range1_agents52__CASTAR_CHECK_COLLISIONS.csv ; 52 ; 16952 ; 243.39
aamas/logs300/offices_range1_agents52__CASTAR_CHECK_COLLISIONS.csv ; 52 ; 12220 ; 105.06
aamas/logs300/offices_range1_agents52__CASTAR_CHECK_COLLISIONS.csv ; 52 ; 11648 ; 30.43
aamas/logs300/offices_range1_agents52__CASTAR_CHECK_COLLISIONS.csv ; 52 ; 16120 ; 42.89
aamas/logs300/offices_range1_agents52__CASTAR_CHECK_COLLISIONS.csv ; 52 ; 13260 ; 258.9
aamas/logs300/offices_range1_agents52__CASTAR_CHECK_COLLISIONS.csv ; 52 ; 12636 ; 21.59
aamas/logs300/offices_range1_agents52__CASTAR_CHECK_COLLISIONS.csv ; 52 ; 14872 ; 240.22
aamas/logs300/offices_range1_agents53__CASTAR_CHECK_COLLISIONS.csv ; 53 ; 16112 ; 51.87
aamas/logs300/offices_range1_agents53__CASTAR_CHECK_COLLISIONS.csv ; 53 ; 11713 ; 206.28
aamas/logs300/offices_range1_agents53__CASTAR_CHECK_COLLISIONS.csv ; 53 ; 12349 ; 62.76
aamas/logs300/offices_range1_agents53__CASTAR_CHECK_COLLISIONS.csv ; 53 ; 16377 ; 200.61
aamas/logs300/offices_range1_agents54__CASTAR_CHECK_COLLISIONS.csv ; 54 ; 10368 ; 159.3
aamas/logs300/offices_range1_agents54__CASTAR_CHECK_COLLISIONS.csv ; 54 ; 13068 ; 128.27
aamas/logs300/offices_range1_agents54__CASTAR_CHECK_COLLISIONS.csv ; 54 ; 13014 ; 91.32
aamas/logs300/offices_range1_agents54__CASTAR_CHECK_COLLISIONS.csv ; 54 ; 7560 ; 19.5
aamas/logs300/offices_range1_agents54__CASTAR_CHECK_COLLISIONS.csv ; 54 ; 10530 ; 78.43
aamas/logs300/offices_range1_agents54__CASTAR_CHECK_COLLISIONS.csv ; 54 ; 10206 ; 38.93
aamas/logs300/offices_range1_agents54__CASTAR_CHECK_COLLISIONS.csv ; 54 ; 14526 ; 227.62
aamas/logs300/offices_range1_agents55__CASTAR_CHECK_COLLISIONS.csv ; 55 ; 8745 ; 38.91
aamas/logs300/offices_range1_agents55__CASTAR_CHECK_COLLISIONS.csv ; 55 ; 15785 ; 254.0
aamas/logs300/offices_range1_agents55__CASTAR_CHECK_COLLISIONS.csv ; 55 ; 11715 ; 258.34
aamas/logs300/offices_range1_agents56__CASTAR_CHECK_COLLISIONS.csv ; 56 ; 19992 ; 54.64
aamas/logs300/offices_range1_agents56__CASTAR_CHECK_COLLISIONS.csv ; 56 ; 15344 ; 30.54
aamas/logs300/offices_range1_agents57__CASTAR_CHECK_COLLISIONS.csv ; 57 ; 10659 ; 119.39
aamas/logs300/offices_range1_agents57__CASTAR_CHECK_COLLISIONS.csv ; 57 ; 9177 ; 168.57
aamas/logs300/offices_range1_agents57__CASTAR_CHECK_COLLISIONS.csv ; 57 ; 12369 ; 182.34
aamas/logs300/offices_range1_agents57__CASTAR_CHECK_COLLISIONS.csv ; 57 ; 11343 ; 23.59
aamas/logs300/offices_range1_agents57__CASTAR_CHECK_COLLISIONS.csv ; 57 ; 18867 ; 118.07
aamas/logs300/offices_range1_agents57__CASTAR_CHECK_COLLISIONS.csv ; 57 ; 12768 ; 53.18
aamas/logs300/offices_range1_agents57__CASTAR_CHECK_COLLISIONS.csv ; 57 ; 15903 ; 51.6
aamas/logs300/offices_range1_agents59__CASTAR_CHECK_COLLISIONS.csv ; 59 ; 16874 ; 180.56
aamas/logs300/offices_range1_agents60__CASTAR_CHECK_COLLISIONS.csv ; 60 ; 19560 ; 58.6
aamas/logs300/offices_range1_agents61__CASTAR_CHECK_COLLISIONS.csv ; 61 ; 16287 ; 127.35
aamas/logs300/offices_range1_agents61__CASTAR_CHECK_COLLISIONS.csv ; 61 ; 15250 ; 126.75
aamas/logs300/offices_range1_agents61__CASTAR_CHECK_COLLISIONS.csv ; 61 ; 11102 ; 146.46
aamas/logs300/offices_range1_agents62__CASTAR_CHECK_COLLISIONS.csv ; 62 ; 20150 ; 62.37
aamas/logs300/offices_range1_agents64__CASTAR_CHECK_COLLISIONS.csv ; 64 ; 14976 ; 260.02
aamas/logs300/offices_range1_agents64__CASTAR_CHECK_COLLISIONS.csv ; 64 ; 21248 ; 113.26
aamas/logs300/offices_range1_agents66__CASTAR_CHECK_COLLISIONS.csv ; 66 ; 17556 ; 35.82
aamas/logs300/offices_range1_agents69__CASTAR_CHECK_COLLISIONS.csv ; 69 ; 17595 ; 54.62
aamas/logs300/offices_range1_agents72__CASTAR_CHECK_COLLISIONS.csv ; 72 ; 20160 ; 188.75
aamas/logs300/offices_range1_agents74__CASTAR_CHECK_COLLISIONS.csv ; 74 ; 23754 ; 49.15
aamas/logs300/offices_range1_agents79__CASTAR_CHECK_COLLISIONS.csv ; 79 ; 20224 ; 127.37
